CODE;ENGLISH;FRENCH;GERMAN;POLISH;SPANISH;ITALIAN;SWEDISH;CZECH;HUNGARIAN;DUTCH;PORTUGUESE;RUSSIAN;FINNISH;x
absolute_monarchy_gov;절대군주제;;;;;;;;;;;;;x
anarcho_liberal_gov;급진적 정부;;;;;;;;;;;;;x
anarcho_liberal_election_win;급진주의자들이 당선되었습니다.;;;;;;;;;;;;;x
colonial_company_gov;식민지 정부;;;;;;;;;;;;;x
communist_gov;공산주의 정부;;;;;;;;;;;;;x
authoritarian_government;권위주의 정부;;;;;;;;;;;;;x
colonial_company_gov;식민지 정부;;;;;;;;;;;;;x
communist_gov;공산주의 정부;;;;;;;;;;;;;x
communist_election_win;공산당이 당선되었습니다.;;;;;;;;;;;;;x
constitutional_monarchy_gov;의회 군주제;;;;;;;;;;;;;x
democracy_gov;민주정부;;;;;;;;;;;;;x
dominion_gov;도미니언;;;;;;;;;;;;;x
fascist_gov;파시스트 정부;;;;;;;;;;;;;x
fascist_election_win;파시스트들이 당선되었습니다.;;;;;;;;;;;;;x
khanate_gov;칸국;;;;;;;;;;;;;x
liberal_election_win;자유당이 당선되었습니다.;;;;;;;;;;;;;x
monarchy_gov;군주제;;;;;;;;;;;;;x
presidential_dictatorship_gov;대통령제 독재;;;;;;;;;;;;;x
puppet_gov;괴뢰국;;;;;;;;;;;;;x
reactionary_election_win;반동주의자들이 선거에서 승리했습니다.;;;;;;;;;;;;;x
semi_constitutional_monarchy_gov;헌법적 군주제;;;;;;;;;;;;;x
social_liberal_election_win;사회자유주의자들이 당선되었습니다.;;;;;;;;;;;;;x
socialist_election_win;사회주의자들이 당선되었습니다.;;;;;;;;;;;;;x
theocratic_government;신정 정부;;;;;;;;;;;;;x
tory_election_win;보수당이 당선되었습니다.;;;;;;;;;;;;;x
2nd_monarchygov;대안적 군주 정부(예를 들어, 칼리스트 스페인, 부르본 프랑스);;;;;;;;;;;;;x