tgcnv_destroyer;구축함;;;;;;;;;;;;;x
tgcnv_destroyer_short;구축함;;;;;;;;;;;;;x
tgcnv_destroyer_commissioning;구축함 취역;;;;;;;;;;;;;x
tgcnv_submarine;잠수함;;;;;;;;;;;;;x
tgcnv_submarine_short;잠수함;;;;;;;;;;;;;x
tgcnv_submarine_commissioning;잠수함 취역;;;;;;;;;;;;;x
tgcnv_heavy_cruiser;중순양함;;;;;;;;;;;;;x
tgcnv_heavy_cruiser_short;중순양함;;;;;;;;;;;;;x
tgcnv_heavy_cruiser_commissioning;중순양함 취역;;;;;;;;;;;;;x
tgcnv_light_carrier;경항공모함;;;;;;;;;;;;;x
tgcnv_light_carrier_short;경항모;;;;;;;;;;;;;x
tgcnv_light_carrier_commissioning;경항공모함 취역;;;;;;;;;;;;;x
tgcnv_fleet_carrier;정규항공모함;;;;;;;;;;;;;x
tgcnv_fleet_carrier_short;정규항모;;;;;;;;;;;;;x
tgcnv_fleet_carrier_commissioning;정규항공모함 취역;;;;;;;;;;;;;x
