AFR_1867;오가덴주;;;;;;;;;;;;;x
AFR_1868;주바·바나디르주;;;;;;;;;;;;;x
AFR_1871;미주르티니아·오비아주;;;;;;;;;;;;;x
CGF_BAS_CONGO;하콩고 주;;;;;;;;;;;;;x
CGF_EQUATEUR_TSHUAPA;적도·취아파 주;;;;;;;;;;;;;x
CGF_KASAI_LULUA;카사이·룰루아 주;;;;;;;;;;;;;x
CGF_KATANGA_LUALABA;카탕가·루알라바 주;;;;;;;;;;;;;x
CGF_KOUILOU_NIARI;쿠일루·니아리 지구;;;;;;;;;;;;;x
CGF_LULUA_LOMAMI;룰루아·로마미 주;;;;;;;;;;;;;x
CGF_POOL_PLATEAUX;풀·플라토 지구;;;;;;;;;;;;;x
CGF_SANGHA_LIKOUALA;상가·리쿠알라 지구;;;;;;;;;;;;;x
CGF_SANKURU;상쿠루 주;;;;;;;;;;;;;x
CGF_STANLEYVILLE_ARUWIMI;스탠리빌·아루위미 주;;;;;;;;;;;;;x
CGF_STANLEY_POOL_KWANGO;스탠리풀·콴고 주;;;;;;;;;;;;;x
CGF_UBANGI_LULONGA;우방기·루롱가 주;;;;;;;;;;;;;x
CGF_UELE_ITURI;우엘레·이투리 주;;;;;;;;;;;;;x
NMR_BOTSWANA;보츠와나 주;;;;;;;;;;;;;x
NMR_ERONGO_KHOMAS;에롱고·코마스 주;;;;;;;;;;;;;x
NMR_HEREROLAND_KAVANGO;헤레로·카방고·카프리비 주;;;;;;;;;;;;;x
NMR_KUNENE_OVAMBO;쿤에네·오밤보 주;;;;;;;;;;;;;x
NMR_NAMALAND;나마란드 주;;;;;;;;;;;;;x
PROV7481;에페나;;;;;;;;;;;;;x
PROV7482;루콜렐라;;;;;;;;;;;;;x
PROV7483;카방고;;;;;;;;;;;;;x
PROV7484;오카한자;;;;;;;;;;;;;x
PROV7485;기베온;;;;;;;;;;;;;x
