HMG_2;알래스카 식민지;;;;;;;;;;;;;x
HMG_5;우날라슈카주;;;;;;;;;;;;;x
HMG_8;클란탄;;;;;;;;;;;;;x
HMG_9;이스트메인 지구;;;;;;;;;;;;;x
HMG_11;북서부 관구;;;;;;;;;;;;;x
HMG_23;아하바스카 지구;;;;;;;;;;;;;x
HMG_28;북극 관구;;;;;;;;;;;;;x
HMG_29;타슈켄트 지구;;;;;;;;;;;;;x
HMG_30;서스캐처원 지구;;;;;;;;;;;;;x
HMG_37;위니펙 지구;;;;;;;;;;;;;x
HMG_41;레드리버 지구;;;;;;;;;;;;;x
HMG_45;세인트키츠네비스;;;;;;;;;;;;;x
HMG_75;라브라도르 지구;;;;;;;;;;;;;x
HMG_146;미주리주;;;;;;;;;;;;;x
HMG_159;위스콘신주;;;;;;;;;;;;;x
HMG_173;미시간주;;;;;;;;;;;;;x
HMG_203;바하마;;;;;;;;;;;;;x
HMG_217;웨스트버지니아주;;;;;;;;;;;;;x
HMG_219;메릴랜드주;;;;;;;;;;;;;x
HMG_241;코네티컷주;;;;;;;;;;;;;x
HMG_243;매사추세츠주;;;;;;;;;;;;;x
HMG_252;아이슬란드;;;;;;;;;;;;;x
HMG_254;북아일랜드;;;;;;;;;;;;;x
HMG_258;코노트;;;;;;;;;;;;;x
HMG_266;애버딘·퍼스;;;;;;;;;;;;;x
HMG_269;로디언·보더스;;;;;;;;;;;;;x
HMG_271;클라이드·아가일;;;;;;;;;;;;;x
HMG_277;랭커셔·체셔;;;;;;;;;;;;;x
HMG_291;이스트앵글리아·에식스;;;;;;;;;;;;;x
HMG_296;글로스터셔·서머싯;;;;;;;;;;;;;x
HMG_299;데번·콘월;;;;;;;;;;;;;x
HMG_305;트론헤임 스티프트;;;;;;;;;;;;;x
HMG_307;서핀마르켄;;;;;;;;;;;;;x
HMG_309;베르겐 스티프트;;;;;;;;;;;;;x
HMG_313;아케르스후스 스티프트;;;;;;;;;;;;;x
HMG_320;북노를란드;;;;;;;;;;;;;x
HMG_325;외스테르예틀란드·고틀란드;;;;;;;;;;;;;x
HMG_326;베스트만란드·네르케;;;;;;;;;;;;;x
HMG_329;베스테르예틀란드;;;;;;;;;;;;;x
HMG_336;칼라요키 지구;;;;;;;;;;;;;x
HMG_348;올란드주;;;;;;;;;;;;;x
HMG_349;에스틀란트 현;;;;;;;;;;;;;x
HMG_354;리가·볼마르 군;;;;;;;;;;;;;x
HMG_368;북슐레스비히;;;;;;;;;;;;;x
HMG_369;홀슈타인;;;;;;;;;;;;;x
HMG_372;셸란 스티프트;;;;;;;;;;;;;x
HMG_375;홀란트 주;;;;;;;;;;;;;x
HMG_384;오버레이설 주;;;;;;;;;;;;;x
HMG_385;프리슬란트 주;;;;;;;;;;;;;x
HMG_396;아헨 관구;;;;;;;;;;;;;x
HMG_401;파드칼레현;;;;;;;;;;;;;x
HMG_403;엔현;;;;;;;;;;;;;x
HMG_405;마른현;;;;;;;;;;;;;x
HMG_409;바랭현;;;;;;;;;;;;;x
HMG_417;오른현;;;;;;;;;;;;;x
HMG_420;피니스테르현;;;;;;;;;;;;;x
HMG_424;일에빌렌현;;;;;;;;;;;;;x
HMG_425;센에우아즈현;;;;;;;;;;;;;x
HMG_426;외르에루아르현;;;;;;;;;;;;;x
HMG_428;손에루아르현;;;;;;;;;;;;;x
HMG_429;루아레현;;;;;;;;;;;;;x
HMG_430;알리에현;;;;;;;;;;;;;x
HMG_431;쥐라현;;;;;;;;;;;;;x
HMG_432;두현;;;;;;;;;;;;;x
HMG_434;되세브르현;;;;;;;;;;;;;x
HMG_437;방데현;;;;;;;;;;;;;x
HMG_440;앵드르현;;;;;;;;;;;;;x
HMG_444;샤랑트현;;;;;;;;;;;;;x
HMG_445;크뢰즈현;;;;;;;;;;;;;x
HMG_449;가르현;;;;;;;;;;;;;x
HMG_450;아베롱현;;;;;;;;;;;;;x
HMG_452;이제르현;;;;;;;;;;;;;x
HMG_455;오트피레네현;;;;;;;;;;;;;x
HMG_456;오드현;;;;;;;;;;;;;x
HMG_457;아리에주현;;;;;;;;;;;;;x
HMG_458;지롱드현;;;;;;;;;;;;;x
HMG_467;부슈뒤론현;;;;;;;;;;;;;x
HMG_471;쿠네오 도;;;;;;;;;;;;;x
HMG_472;니차 도;;;;;;;;;;;;;x
HMG_474;루고 주;;;;;;;;;;;;;x
HMG_475;오비에도 주;;;;;;;;;;;;;x
HMG_476;오렌세 주;;;;;;;;;;;;;x
HMG_480;바야돌리드 주;;;;;;;;;;;;;x
HMG_482;살라망카 주;;;;;;;;;;;;;x
HMG_483;톨레도 주;;;;;;;;;;;;;x
HMG_492;비스카야 주;;;;;;;;;;;;;x
HMG_512;카디스 주;;;;;;;;;;;;;x
HMG_528;슈타데 관구;;;;;;;;;;;;;x
HMG_529;라우엔부르크;;;;;;;;;;;;;x
HMG_534;하노버 관구;;;;;;;;;;;;;x
HMG_536;마그데부르크 관구;;;;;;;;;;;;;x
HMG_540;올덴부르크 지구;;;;;;;;;;;;;x
HMG_544;메클렌부르크슈베린;;;;;;;;;;;;;x
HMG_554;메르제부르크 관구;;;;;;;;;;;;;x
HMG_555;안할트;;;;;;;;;;;;;x
HMG_558;드레스덴 관구;;;;;;;;;;;;;x
HMG_560;츠비카우 관구;;;;;;;;;;;;;x
HMG_561;에르푸르트 관구;;;;;;;;;;;;;x
HMG_562;작센바이마르;;;;;;;;;;;;;x
HMG_563;서튀링겐;;;;;;;;;;;;;x
HMG_564;슈타르켄부르크 관구;;;;;;;;;;;;;x
HMG_565;나사우;;;;;;;;;;;;;x
HMG_566;니더헤센 관구;;;;;;;;;;;;;x
HMG_567;오버헤센 관구;;;;;;;;;;;;;x
HMG_568;풀다 지구;;;;;;;;;;;;;x
HMG_571;팔츠 관구;;;;;;;;;;;;;x
HMG_572;트리어 지구;;;;;;;;;;;;;x
HMG_585;민덴 관구;;;;;;;;;;;;;x
HMG_587;오버라인 관구;;;;;;;;;;;;;x
HMG_593;도나우 관구;;;;;;;;;;;;;x
HMG_598;오버프랑켄 관구;;;;;;;;;;;;;x
HMG_600;니더바이에른 관구;;;;;;;;;;;;;x
HMG_603;취리히 칸톤;;;;;;;;;;;;;x
HMG_605;베른 칸톤;;;;;;;;;;;;;x
HMG_606;루체른 칸톤;;;;;;;;;;;;;x
HMG_607;보 칸톤;;;;;;;;;;;;;x
HMG_658;하와이;;;;;;;;;;;;;x
HMG_670;상몰다비아;;;;;;;;;;;;;x
HMG_672;바카우 지구;;;;;;;;;;;;;x
HMG_673;투치코프 지구;;;;;;;;;;;;;x
HMG_682;브레슬라우 지구;;;;;;;;;;;;;x
HMG_684;오펠른 관구;;;;;;;;;;;;;x
HMG_685;바도비체·보흐니아 관구;;;;;;;;;;;;;x
HMG_686;카라쿰 사막 지구;;;;;;;;;;;;;x
HMG_690;서프로이센주;;;;;;;;;;;;;x
HMG_699;포센 지구;;;;;;;;;;;;;x
HMG_715;포들라시에 주;;;;;;;;;;;;;x
HMG_729;베네치아;;;;;;;;;;;;;x
HMG_737;괴르츠·그라디스카;;;;;;;;;;;;;x
HMG_738;파르마 공국;;;;;;;;;;;;;x
HMG_739;모데나 공국;;;;;;;;;;;;;x
HMG_741;로마냐 사절령;;;;;;;;;;;;;x
HMG_745;피사 구역;;;;;;;;;;;;;x
HMG_751;마르케;;;;;;;;;;;;;x
HMG_753;라퀼라 주;;;;;;;;;;;;;x
HMG_754;나폴리 주;;;;;;;;;;;;;x
HMG_755;살레르노 주;;;;;;;;;;;;;x
HMG_759;레조 주;;;;;;;;;;;;;x
HMG_762;칼타니세타 주;;;;;;;;;;;;;x
HMG_764;노토 주;;;;;;;;;;;;;x
HMG_781;자라주;;;;;;;;;;;;;x
HMG_785;바냐루카 산자크;;;;;;;;;;;;;x
HMG_788;모스타르 지구;;;;;;;;;;;;;x
HMG_798;니시 지구;;;;;;;;;;;;;x
HMG_801;폴리네시아주;;;;;;;;;;;;;x
HMG_805;셀라니크 산자크;;;;;;;;;;;;;x
HMG_808;페트리치 지구;;;;;;;;;;;;;x
HMG_820;레카스 지구;;;;;;;;;;;;;x
HMG_823;세레스·드라마 산자크;;;;;;;;;;;;;x
HMG_826;이오니아 제도;;;;;;;;;;;;;x
HMG_828;에디르네 지구;;;;;;;;;;;;;x
HMG_835;프티오티스·포키스;;;;;;;;;;;;;x
HMG_836;아이톨리아·아카르나니아;;;;;;;;;;;;;x
HMG_838;키클라데스;;;;;;;;;;;;;x
HMG_839;아르골리스·코린티아;;;;;;;;;;;;;x
HMG_842;아르카디아·메세니아;;;;;;;;;;;;;x
HMG_849;에르기리·블로러 산자크;;;;;;;;;;;;;x
HMG_858;겔리볼루 산자크;;;;;;;;;;;;;x
HMG_964;크림;;;;;;;;;;;;;x
HMG_982;콜라·켐 군;;;;;;;;;;;;;x
HMG_983;올로네츠 현;;;;;;;;;;;;;x
HMG_988;포베네츠주;;;;;;;;;;;;;x
HMG_994;상트페테르부르크 지구;;;;;;;;;;;;;x
HMG_1005;프스코프 지구;;;;;;;;;;;;;x
HMG_1042;우파·스테를리타마크 군;;;;;;;;;;;;;x
HMG_1043;오렌부르크·부주루크 군;;;;;;;;;;;;;x
HMG_1048;레보베레즈니 쿠반주;;;;;;;;;;;;;x
HMG_1049;레보베레즈니 쿠반주 서부;;;;;;;;;;;;;x
HMG_1050;보로실로프스크군;;;;;;;;;;;;;x
HMG_1057;레보베레즈니 쿠반주 동부;;;;;;;;;;;;;x
HMG_1063;톰스크현;;;;;;;;;;;;;x
HMG_1069;서부 야쿠츠크현;;;;;;;;;;;;;x
HMG_1072;마가단현;;;;;;;;;;;;;x
HMG_1078;트랜스 바이칼현;;;;;;;;;;;;;x
HMG_1090;티플리스현;;;;;;;;;;;;;x
HMG_1102;바쿠현;;;;;;;;;;;;;x
HMG_1110;쿠르디스탄주;;;;;;;;;;;;;x
HMG_1117;사인주;;;;;;;;;;;;;x
HMG_1135;파르스주;;;;;;;;;;;;;x
HMG_1141;반다르에 차락주;;;;;;;;;;;;;x
HMG_1156;하일주;;;;;;;;;;;;;x
HMG_1158;마니파주;;;;;;;;;;;;;x
HMG_1182;우랄 카자크;;;;;;;;;;;;;x
HMG_1183;투르가이 초원;;;;;;;;;;;;;x
HMG_1189;페르가나주;;;;;;;;;;;;;x
HMG_1192;히바주;;;;;;;;;;;;;x
HMG_1201;바다흐샨주;;;;;;;;;;;;;x
HMG_1208;알티샤르 관구;;;;;;;;;;;;;x
HMG_1224;스리나가르 지구;;;;;;;;;;;;;x
HMG_1227;펀자브 본토;;;;;;;;;;;;;x
HMG_1231;신드;;;;;;;;;;;;;x
HMG_1233;심라 구릉 번왕국군;;;;;;;;;;;;;x
HMG_1238;북서주 본토;;;;;;;;;;;;;x
HMG_1251;서벵골;;;;;;;;;;;;;x
HMG_1252;벵골 총독관구 동부;;;;;;;;;;;;;x
HMG_1262;오리사주;;;;;;;;;;;;;x
HMG_1264;조드푸르 번왕국;;;;;;;;;;;;;x
HMG_1268;자이푸르 번왕국;;;;;;;;;;;;;x
HMG_1269;메와르 번왕국;;;;;;;;;;;;;x
HMG_1270;괄리오르 번왕국;;;;;;;;;;;;;x
HMG_1271;보팔 번왕국;;;;;;;;;;;;;x
HMG_1273;레와 번왕국;;;;;;;;;;;;;x
HMG_1275;사가르·나르마다 관구;;;;;;;;;;;;;x
HMG_1283;하이데라바드 본국;;;;;;;;;;;;;x
HMG_1290;팔란푸르 번왕국;;;;;;;;;;;;;x
HMG_1291;영국령 아마다바드;;;;;;;;;;;;;x
HMG_1292;라지피플라 번왕국;;;;;;;;;;;;;x
HMG_1294;마히칸타 번왕국군;;;;;;;;;;;;;x
HMG_1296;다람푸르 번왕국;;;;;;;;;;;;;x
HMG_1297;봄베이 관구;;;;;;;;;;;;;x
HMG_1299;봄베이 총독관구;;;;;;;;;;;;;x
HMG_1301;콜하푸르 번왕국;;;;;;;;;;;;;x
HMG_1302;무드홀 번왕국;;;;;;;;;;;;;x
HMG_1304;마드라스 총독관구;;;;;;;;;;;;;x
HMG_1305;시르카르스주;;;;;;;;;;;;;x
HMG_1313;마이소르 번왕국;;;;;;;;;;;;;x
HMG_1318;트라방코르 번왕국;;;;;;;;;;;;;x
HMG_1350;이산 무앙;;;;;;;;;;;;;x
HMG_1356;루앙프라방 지구;;;;;;;;;;;;;x
HMG_1364;캄팟 지구;;;;;;;;;;;;;x
HMG_1384;조호르;;;;;;;;;;;;;x
HMG_1388;트렝가누;;;;;;;;;;;;;x
HMG_1389;크다;;;;;;;;;;;;;x
HMG_1393;사라왁;;;;;;;;;;;;;x
HMG_1398;잠비 주재관구;;;;;;;;;;;;;x
HMG_1430;술라웨시 주재관구;;;;;;;;;;;;;x
HMG_1433;메나도주;;;;;;;;;;;;;x
HMG_1434;팔로포주;;;;;;;;;;;;;x
HMG_1443;네덜란드령 티모르;;;;;;;;;;;;;x
HMG_1462;민다나오 동부;;;;;;;;;;;;;x
HMG_1465;동몽골 관구;;;;;;;;;;;;;x
HMG_1493;광둥 동부 본토;;;;;;;;;;;;;x
HMG_1510;허난성 서부;;;;;;;;;;;;;x
HMG_1532;수이위안성;;;;;;;;;;;;;x
HMG_1534;내몽골 주;;;;;;;;;;;;;x
HMG_1537;장쑤 남부 본성;;;;;;;;;;;;;x
HMG_1563;산둥 서부 내륙;;;;;;;;;;;;;x
HMG_1565;산둥 동부 내륙;;;;;;;;;;;;;x
HMG_1572;산시성(산서);;;;;;;;;;;;;x
HMG_1577;쓰촨 동부 본성;;;;;;;;;;;;;x
HMG_1578;쓰촨 서부 본성;;;;;;;;;;;;;x
HMG_1613;러허성;;;;;;;;;;;;;x
HMG_1625;황해도 남부;;;;;;;;;;;;;x
HMG_1626;황해도 북부;;;;;;;;;;;;;x
HMG_1631;경상북도;;;;;;;;;;;;;x
HMG_1645;니가타현;;;;;;;;;;;;;x
HMG_1646;도야마현;;;;;;;;;;;;;x
HMG_1647;후쿠이현;;;;;;;;;;;;;x
HMG_1653;이바라키현;;;;;;;;;;;;;x
HMG_1655;나라현;;;;;;;;;;;;;x
HMG_1656;와카야마현;;;;;;;;;;;;;x
HMG_1657;효고현;;;;;;;;;;;;;x
HMG_1660;구마모토현;;;;;;;;;;;;;x
HMG_1662;가고시마현;;;;;;;;;;;;;x
HMG_1668;이와테현;;;;;;;;;;;;;x
HMG_1669;도치기현;;;;;;;;;;;;;x
HMG_1673;야마가타현;;;;;;;;;;;;;x
HMG_1677;나가노현;;;;;;;;;;;;;x
HMG_1686;리프주;;;;;;;;;;;;;x
HMG_1701;부기주;;;;;;;;;;;;;x
HMG_1708;바트나주;;;;;;;;;;;;;x
HMG_1723;이스트모주;;;;;;;;;;;;;x
HMG_1731;트리폴리타니아 베이령;;;;;;;;;;;;;x
HMG_1753;파이윰 지구;;;;;;;;;;;;;x
HMG_1773;사귀아 엘함라 지구;;;;;;;;;;;;;x
HMG_1783;고레주;;;;;;;;;;;;;x
HMG_1785;감비아주;;;;;;;;;;;;;x
HMG_1808;니아메 지구;;;;;;;;;;;;;x
HMG_1817;다르푸르주;;;;;;;;;;;;;x
HMG_1848;에리트레아주;;;;;;;;;;;;;x
HMG_1859;앙코버 지구;;;;;;;;;;;;;x
HMG_1864;기도레 지구;;;;;;;;;;;;;x
HMG_1867;필투 지구;;;;;;;;;;;;;x
HMG_1870;키스마요주;;;;;;;;;;;;;x
HMG_1877;포르투갈령 기니;;;;;;;;;;;;;x
HMG_1895;가나주;;;;;;;;;;;;;x
HMG_1901;와가두구 지구;;;;;;;;;;;;;x
HMG_1902;도리 지구;;;;;;;;;;;;;x
HMG_1908;골드코스트주;;;;;;;;;;;;;x
HMG_1923;요루바 주;;;;;;;;;;;;;x
HMG_1928;베닌 지구;;;;;;;;;;;;;x
HMG_1929;오데 지구;;;;;;;;;;;;;x
HMG_1953;응가운데레 지구;;;;;;;;;;;;;x
HMG_1955;페르난도포;;;;;;;;;;;;;x
HMG_1977;은쿠나 지구;;;;;;;;;;;;;x
HMG_2025;키수무 지구;;;;;;;;;;;;;x
HMG_2053;잠베지아주;;;;;;;;;;;;;x
HMG_2074;가보로네 지구;;;;;;;;;;;;;x
HMG_2132;사우스조지아;;;;;;;;;;;;;x
HMG_2158;아과스칼리엔테스주;;;;;;;;;;;;;x
HMG_2159;산루이스포토시주;;;;;;;;;;;;;x
HMG_2161;할리스코주;;;;;;;;;;;;;x
HMG_2165;치아파스주;;;;;;;;;;;;;x
HMG_2171;미초아칸주;;;;;;;;;;;;;x
HMG_2172;모렐로스주;;;;;;;;;;;;;x
HMG_2173;틀락스칼라주;;;;;;;;;;;;;x
HMG_2174;멕시코주;;;;;;;;;;;;;x
HMG_2183;유카탄주;;;;;;;;;;;;;x
HMG_2184;캄페체주;;;;;;;;;;;;;x
HMG_2197;니카라과 태평양 연안;;;;;;;;;;;;;x
HMG_2200;모스키토 해안;;;;;;;;;;;;;x
HMG_2213;아이티;;;;;;;;;;;;;x
HMG_2217;자메이카;;;;;;;;;;;;;x
HMG_2224;안티구아바부다;;;;;;;;;;;;;x
HMG_2247;칸디나마르카주;;;;;;;;;;;;;x
HMG_2252;마그달레나주;;;;;;;;;;;;;x
HMG_2280;과야킬주;;;;;;;;;;;;;x
HMG_2283;로레토주;;;;;;;;;;;;;x
HMG_2333;마갈렌레스주;;;;;;;;;;;;;x
HMG_2368;살타주;;;;;;;;;;;;;x
HMG_2396;산타크루스 준주;;;;;;;;;;;;;x
HMG_2402;파라주;;;;;;;;;;;;;x
HMG_2408;아마파 준주;;;;;;;;;;;;;x
HMG_2447;리우데자네이루주;;;;;;;;;;;;;x
HMG_2454;피지;;;;;;;;;;;;;x
HMG_2508;오클랜드주;;;;;;;;;;;;;x
HMG_2510;웰링턴주;;;;;;;;;;;;;x
HMG_2520;북부 폴리네시아주;;;;;;;;;;;;;x
HMG_2523;길버트 앤 엘리스 제도주;;;;;;;;;;;;;x
HMG_2540;통가;;;;;;;;;;;;;x
HMG_2544;미국령 사모아;;;;;;;;;;;;;x
HMG_2566;루샤이 구릉;;;;;;;;;;;;;x
HMG_2592;포트 치모주;;;;;;;;;;;;;x
HMG_2595;프로비셔 베이주;;;;;;;;;;;;;x
HMG_2640;마크란;;;;;;;;;;;;;x
HMG_2654;북예니세이스크현;;;;;;;;;;;;;x
HMG_3249;직례 북부 본토;;;;;;;;;;;;;x
HMG_3255;동튀링겐;;;;;;;;;;;;;x
HMG_3303;알텐부르크주;;;;;;;;;;;;;x
HMG_3336;카이르푸르 번왕국;;;;;;;;;;;;;x
HMG_3338;카티아와르 번왕국군;;;;;;;;;;;;;x
HMG_3399;미타우·젤부르크 관구;;;;;;;;;;;;;x
HMG_3558;퍼니 리버주;;;;;;;;;;;;;x
HMG_3867;센야·트롬쇠;;;;;;;;;;;;;x
HMG_3926;크레팅가 지구;;;;;;;;;;;;;x
HMG_4011;타른현;;;;;;;;;;;;;x
HMG_4095;브라운슈바이크;;;;;;;;;;;;;x
HMG_4147;약스트 관구;;;;;;;;;;;;;x
HMG_4169;그라우뷘덴 칸톤;;;;;;;;;;;;;x
HMG_4280;네르비주;;;;;;;;;;;;;x
HMG_4328;고르니 프로조르주;;;;;;;;;;;;;x
HMG_4608;카바르디노-발카르군;;;;;;;;;;;;;x
HMG_4848;구자라트주;;;;;;;;;;;;;x
HMG_5088;차하르 주;;;;;;;;;;;;;x
HMG_6357;얀마옌;;;;;;;;;;;;;x
HMG_6506;흘리보카예 지구;;;;;;;;;;;;;x
HMG_6581;스코티시 하이랜즈주;;;;;;;;;;;;;x
HMG_6657;페차모 지구;;;;;;;;;;;;;x
HMG_6670;바드쇠 지구;;;;;;;;;;;;;x
HMG_6778;나르비크주;;;;;;;;;;;;;x
HMG_6781;소르틀란주;;;;;;;;;;;;;x
HMG_7365;민다나오주;;;;;;;;;;;;;x
HMG_695;동프로이센주;;;;;;;;;;;;;x
