badboy;Infamy;Infamy;;;;;;;;;;;;x;
EVTNAME60150;The end of female suffrage;The end of female suffrage;;;;;;;;;;;;x;
EVTDESC60150;I am here as a soldier who has temporarily left the field of battle in order to explain-it seems strange it should have to be explained-what civil war is like when civil war is waged by women. I am not only here as a soldier temporarily absent from the field at battle, I am here-and that, I think, is the strangest part of my coming-I am here as a person who, according to the law courts of my country, it has been decided, is of no value to the community at all and I am adjudged because of my life to be a dangerous person, under sentence of penal servitude in a convict prison.\n The Suffragettes once again protest in the streets, this time against the $COUNTRY_ADJ$ suppression of political rights. The right of voting they fought for is moot, as now no one can vote.;With the recent rollback of voting reforms, the fairer sex is once again denied the vote.;;;;;;;;;;;;x;
EVTOPTA60150;Get back in the kitchen!;Get back in the kitchen!;;;;;;;;;;;;x;
EVTNAME31102;Flight from Istanbul;Flight from Istanbul;;;;;;;;;;;;x;
EVTDESC31102;Our position in Istanbul is no longer secure. We should move our government to a safer place.;Our position in Istanbul is no longer secure. We should move our government to a safer place.;;;;;;;;;;;;x;
EVTOPTA31102;We have been ultimately driven from Europe...;We have been ultimately driven from Europe...;;;;;;;;;;;;x;
OL_REBEL_OCCUPATIONS;Rebel occupations;Rebel occupations;;;;;;;;;;;;x;
OL_REBEL_OCCUPATIONS_TOOLTIP;Our province of 即$PROVINCE$劬 is being occupied by the rebels!;Our province of 即$PROVINCE$劬 is being occupied by the rebels!;;;;;;;;;;;;x;
OL_VIEW_REBEL_OCCUPATIONS;Toggles 即Rebel Occupations劬 view;Toggles 即Rebel Occupations劬 view;;;;;;;;;;;;x;
POP_MIL_CHANGE_REBEL;This pop is living in 即$PROV$劬 that is under 刪Rebels劬 control.\nIt's militancy change cannot be estimated.;This pop is living in 即$PROV$劬 that is under 刪Rebels劬 control.\nIt's militancy change cannot be estimated.;;;;;;;;;;;;x;
POP_CON_CHANGE_REBEL;This pop is living in 即$PROV$劬 that is under 刪Rebels劬 control.\nIt's consciousness change cannot be estimated.;This pop is living in 即$PROV$劬 that is under 刪Rebels劬 control.\nIt's consciousness change cannot be estimated.;;;;;;;;;;;;x;
PROJECT_STATE_NAME_DESC;Planning to build in 即$PROV$劬.;Planning to build in 即$PROV$劬.;;;;;;;;;;;;x;
