#CODE;ENGLISH;FRENCH;GERMAN;;SPANISH;;;;;;;;;x
KOR_1619;Pyongyang;;;;;;;;;;;;;x
KOR_1624;Hanseong;;;;;;;;;;;;;x
KOR_1627;Sariwon;;;;;;;;;;;;;x
KOR_1635;Pusan;;;;;;;;;;;;;x
KOR_CHUNGCHEONG;Chungcheong Province;;;;;;;;;;;;;x
KOR_GANGWON_CENTRAL;Central Gangwon Province;;;;;;;;;;;;;x
KOR_GANGWON_NORTH;Northern Gangwon Province;;;;;;;;;;;;;x
KOR_GANGWON_SOUTH;Southern Gangwon Province;;;;;;;;;;;;;x
KOR_GYEONGGI_NORTH;Northern Gyeonggi Province;;;;;;;;;;;;;x
KOR_GYEONGSANG;Gyeongsang Province;;;;;;;;;;;;;x
KOR_HAMGYONG;Hamgyeong Province;;;;;;;;;;;;;x
KOR_HWANGHAE_ISLANDS;Hwanghae Province Islands;;;;;;;;;;;;;x
KOR_HWANGHAE_SOUTH;Southern Hwanghae Province;;;;;;;;;;;;;x
KOR_KAESONG;Kaesong Special Administration;;;;;;;;;;;;;x
KOR_YEONCHEON;Yeoncheon County;;;;;;;;;;;;;x
PROV1619;Pyongyang;;;;;;;;;;;;;x
PROV1620;Chonchon;;;;;;;;;;;;;x
PROV1621;Hamhung;;;;;;;;;;;;;x
PROV1622;Kyongsong;;;;;;;;;;;;;x
PROV1623;Kilju;;;;;;;;;;;;;x
PROV1624;Hanseong;;;;;;;;;;;;;x
PROV1625;Kaesong;;;;;;;;;;;;;x
PROV1626;Haeju;;;;;;;;;;;;;x
PROV1627;Hwangju;;;;;;;;;;;;;x
PROV1628;Inchon;;;;;;;;;;;;;x
PROV1629;Deokwon;;;;;;;;;;;;;x
PROV1630;Kangnung;;;;;;;;;;;;;x
PROV1631;Sangju;;;;;;;;;;;;;x
PROV1632;Dongnae;;;;;;;;;;;;;x
PROV1633;Taegu;;;;;;;;;;;;;x
PROV1634;Gyeongju;;;;;;;;;;;;;x
PROV1635;Jeonju;;;;;;;;;;;;;x
PROV1636;Gongju;;;;;;;;;;;;;x
PROV1637;Cheju;;;;;;;;;;;;;x
PROV5172;Anju;;;;;;;;;;;;;x
PROV5173;Kanggye;;;;;;;;;;;;;x
PROV5174;Hongwon;;;;;;;;;;;;;x
PROV5175;Hoeryong;;;;;;;;;;;;;x
PROV5176;Iseong;;;;;;;;;;;;;x
PROV5177;Suwon;;;;;;;;;;;;;x
PROV5178;Baecheon;;;;;;;;;;;;;x
PROV5179;Ongjin;;;;;;;;;;;;;x
PROV5180;Jeongju;;;;;;;;;;;;;x
PROV5181;Ganghwa;;;;;;;;;;;;;x
PROV5182;Hoeyang;;;;;;;;;;;;;x
PROV5183;Chuncheon;;;;;;;;;;;;;x
PROV5184;Pyeongchang;;;;;;;;;;;;;x
PROV5185;Jinju;;;;;;;;;;;;;x
PROV5186;Andong;;;;;;;;;;;;;x
PROV5187;Gimhae;;;;;;;;;;;;;x
PROV5188;Naju;;;;;;;;;;;;;x
PROV5189;Hongju;;;;;;;;;;;;;x
PROV5190;Namwon;;;;;;;;;;;;;x
PROV7203;Wonju;;;;;;;;;;;;;x
PROV7204;Chungju;;;;;;;;;;;;;x
PROV7205;Cheongju;;;;;;;;;;;;;x
PROV7206;Suncheon;;;;;;;;;;;;;x
PROV7207;Yangyang;;;;;;;;;;;;;x
PROV7208;Cheorwon;;;;;;;;;;;;;x
PROV7209;Goseong;;;;;;;;;;;;;x
PROV7210;Jangdan;;;;;;;;;;;;;x
PROV7211;Southern Yeongpyeong;;;;;;;;;;;;;x
PROV7212;Yeoncheon;;;;;;;;;;;;;x
PROV7213;Saknyeong;;;;;;;;;;;;;x
PROV7214;Southern Haeju;;;;;;;;;;;;;x
PROV7215;Pyongsan;;;;;;;;;;;;;x
PROV7216;Southern Jangyeon;;;;;;;;;;;;;x
PROV7217;Jangyeon;;;;;;;;;;;;;x
PROV7218;Nangcheon;;;;;;;;;;;;;x
PROV7219;Southern Inje;;;;;;;;;;;;;x
PROV7220;Southern Yangyang;;;;;;;;;;;;;x
PROV7221;Ichon;;;;;;;;;;;;;x
PROV7222;Ganseong;;;;;;;;;;;;;x
PROV7223;Lower Kherlen;;;;;;;;;;;;;x
PROV7224;Eren Frontier;;;;;;;;;;;;;x
PROV7225;Khalkh Gol Frontier;;;;;;;;;;;;;x
PROV7226;Erdenetsagaan Frontier;;;;;;;;;;;;;x
PROV7227;Southern Sainshand Frontier;;;;;;;;;;;;;x
PROV7228;Western New Barag;;;;;;;;;;;;;x
PROV7229;Dariganga;;;;;;;;;;;;;x
PROV7230;Southern Mongun-Taiga;;;;;;;;;;;;;x
PROV7231;Eastern Sayan Frontier;;;;;;;;;;;;;x
PROV7232;Northern Darkhad;;;;;;;;;;;;;x
PROV7233;Tes-Khem Frontier;;;;;;;;;;;;;x
PROV7234;Western Mongun-Taiga;;;;;;;;;;;;;x
