#CODE;KOREAN;;;;;;;;;;;;;x
GEO_BATUMI;Batumi;;;;;;;;;;;;;x
AZB_NAKHCHIVAN;Nakhchivan;;;;;;;;;;;;;x
TGC_KARS_PRE_SPLIT;Kars-Batumi Region;;;;;;;;;;;;;x
TGC_ARMENIA_PRE_SPLIT;Armenia-Nakhchivan Region;;;;;;;;;;;;;x
TGC_TERRITORY_1048;Yekaterinodar Region;;;;;;;;;;;;;x
TGC_TERRITORY_1049;Novorossiysk Region;;;;;;;;;;;;;x
TGC_CAUCASIAN_RAID_AREA;North Caucasus Highlands;;;;;;;;;;;;;x
EVTNAME269896;Caucasus Territorial Transfer Adjustment;;;;;;;;;;;;;x
EVTDESC269896;Additional districts omitted from the territorial transfer around Quba are included in the existing transfer area.;;;;;;;;;;;;;x
EVTOPTA269896;Transfer the omitted districts.;;;;;;;;;;;;;x
