anglican;Nijigasaki Kasumi Denomination;;;;;;;;;;;;;x
anglican_country;Nijigasaki Kasumi Country;;;;;;;;;;;;;x
lutheran;Nijigasaki Ayumu Denomination;;;;;;;;;;;;;x
lutheran_country;Nijigasaki Ayumu Country;;;;;;;;;;;;;x
presbyterian;Nijigasaki Emma Denomination;;;;;;;;;;;;;x
presbyterian_country;Nijigasaki Emma Country;;;;;;;;;;;;;x
baptist;Nijigasaki Setsuna Denomination;;;;;;;;;;;;;x
baptist_country;Nijigasaki Setsuna Country;;;;;;;;;;;;;x
methodist;Nijigasaki Shizuku Denomination;;;;;;;;;;;;;x
methodist_country;Nijigasaki Shizuku Country;;;;;;;;;;;;;x
protestant_country;Nijigasaki Faith Country;;;;;;;;;;;;;x
