tgcnv_destroyer;Destroyer;;;;;;;;;;;;;x
tgcnv_destroyer_short;DD;;;;;;;;;;;;;x
tgcnv_destroyer_commissioning;Destroyer Commissioning;;;;;;;;;;;;;x
tgcnv_submarine;Submarine;;;;;;;;;;;;;x
tgcnv_submarine_short;SS;;;;;;;;;;;;;x
tgcnv_submarine_commissioning;Submarine Commissioning;;;;;;;;;;;;;x
tgcnv_heavy_cruiser;Heavy Cruiser;;;;;;;;;;;;;x
tgcnv_heavy_cruiser_short;HC;;;;;;;;;;;;;x
tgcnv_heavy_cruiser_commissioning;Heavy Cruiser Commissioning;;;;;;;;;;;;;x
tgcnv_light_carrier;Light Aircraft Carrier;;;;;;;;;;;;;x
tgcnv_light_carrier_short;CVL;;;;;;;;;;;;;x
tgcnv_light_carrier_commissioning;Light Aircraft Carrier Commissioning;;;;;;;;;;;;;x
tgcnv_fleet_carrier;Fleet Aircraft Carrier;;;;;;;;;;;;;x
tgcnv_fleet_carrier_short;CV;;;;;;;;;;;;;x
tgcnv_fleet_carrier_commissioning;Fleet Aircraft Carrier Commissioning;;;;;;;;;;;;;x
