TGC_TURIN_TITLE;Implementation of the Treaty of Turin;;;;;;;;;;;;;x
TGC_TURIN_DESC;Complete the transfer of Savoy and Nice under the agreement with Kivotos, which supported the unification of Siracusa.;;;;;;;;;;;;;x
TGC_TURIN_ACCEPT;Cede Savoy and Nice to Kivotos.;;;;;;;;;;;;;x
TGC_CORE_REVIEW_TITLE;Reassessment of Claims by Cultural Composition;;;;;;;;;;;;;x
TGC_CORE_REVIEW_DESC;We lose cores on regions under stable foreign rule for at least 10 years where the largest population culture is neither our primary nor an accepted culture. This does not apply during war or a truce, and newly granted historical cores are protected for 10 years.;;;;;;;;;;;;;x
TGC_CORE_REVIEW_ACCEPT;Reflect the change in cultural composition.;;;;;;;;;;;;;x
tgcnv_treaty_core_grace;Recently Established Claim;;;;;;;;;;;;;x
tgcnv_treaty_core_grace_desc;Newly established cores are protected for 10 years from automatic loss due to cultural composition.;;;;;;;;;;;;;x
tgcnv_liberate_lombardy;Liberation of Lombardy;;;;;;;;;;;;;x
tgcnv_liberate_lombardy_desc;Demand the transfer of all relevant Lombard states to an Italian ally.;;;;;;;;;;;;;x
tgcnv_frankfurt_settlement;Cession of Alsace-Lorraine;;;;;;;;;;;;;x
tgcnv_frankfurt_settlement_desc;Demand the transfer of all of Alsace-Lorraine.;;;;;;;;;;;;;x
TGC_OVERSEAS_TITLE;Transfer of Overseas Territories;;;;;;;;;;;;;x
TGC_OVERSEAS_DESC;Take over the administration of overseas territories previously held by Millennium under the postwar agreement.;;;;;;;;;;;;;x
TGC_OVERSEAS_ACCEPT;Complete the transfer.;;;;;;;;;;;;;x
TGC_SAVOY_1860;Savoy;;;;;;;;;;;;;x
TGC_NICE_1860;Nice;;;;;;;;;;;;;x
TGC_PEKing_1860;Outer Manchuria;;;;;;;;;;;;;x
TGC_SOUTH_SAKHALIN;Southern Sakhalin;;;;;;;;;;;;;x
TGC_NORTH_KURILS;Northern Kuril Islands;;;;;;;;;;;;;x
TGC_LOMBARDY_1859;Lombardy;;;;;;;;;;;;;x
TGC_LUXEMBOURG_EAST;Eastern Luxembourg;;;;;;;;;;;;;x
TGC_LUXEMBOURG_WEST;Western Luxembourg;;;;;;;;;;;;;x
TGC_ALSACE_LORRAINE;Alsace-Lorraine;;;;;;;;;;;;;x
TGC_VENETIA_1866;Venetia;;;;;;;;;;;;;x
TGC_TERRITORY_2459;Rio Peperi-Guacu and Surrounding Areas;;;;;;;;;;;;;x
TGC_TERRITORY_2462;Palma Suela and Surrounding Areas;;;;;;;;;;;;;x
TGC_TERRITORY_2507;Mparntwe and Surrounding Areas;;;;;;;;;;;;;x
TGC_TERRITORY_2601;Wilkinkarra and Surrounding Areas;;;;;;;;;;;;;x
TGC_TERRITORY_2603;Chanamee and Surrounding Areas;;;;;;;;;;;;;x
TGC_TERRITORY_2605;Ngaanyatjarraku and Surrounding Areas;;;;;;;;;;;;;x
TGC_TERRITORY_2503;Wiluna and Surrounding Areas;;;;;;;;;;;;;x
TGC_TERRITORY_2495;Tirari and Surrounding Areas;;;;;;;;;;;;;x
TGC_TERRITORY_2490;Charleville and Surrounding Areas;;;;;;;;;;;;;x
TGC_TERRITORY_2334;Tawokser and Surrounding Areas;;;;;;;;;;;;;x
TGC_TERRITORY_2328;Santa Maria la Blanca de Valdivia and Surrounding Areas;;;;;;;;;;;;;x
TGC_TERRITORY_2397;Esket and Surrounding Areas;;;;;;;;;;;;;x
TGC_TERRITORY_2400;Tol-wen and Surrounding Areas;;;;;;;;;;;;;x
TGC_TERRITORY_2515;Otautahi and Surrounding Areas;;;;;;;;;;;;;x
TGC_TERRITORY_2514;Hokitika and Surrounding Areas;;;;;;;;;;;;;x
TGC_TERRITORY_2513;Otepoti and Surrounding Areas;;;;;;;;;;;;;x
TGC_TERRITORY_2511;Ahuriri and Surrounding Areas;;;;;;;;;;;;;x
TGC_TERRITORY_1212;Kuh-e-Miliki Mountains and Surrounding Areas;;;;;;;;;;;;;x
TGC_TERRITORY_2554;Candelaria and Surrounding Areas;;;;;;;;;;;;;x
TGC_TERRITORY_3353;Los Toldos and Surrounding Areas;;;;;;;;;;;;;x
TGC_TERRITORY_2370;Suskhuk and Surrounding Areas;;;;;;;;;;;;;x
TGC_TERRITORY_594;Sigmaringen and Surrounding Areas;;;;;;;;;;;;;x
TGC_TERRITORY_624;Eisenstadt and Surrounding Areas;;;;;;;;;;;;;x
TGC_TERRITORY_950;Chust and Surrounding Areas;;;;;;;;;;;;;x
TGC_TERRITORY_614;Bregenz and Surrounding Areas;;;;;;;;;;;;;x
TGC_TERRITORY_721;Aosta and Surrounding Areas;;;;;;;;;;;;;x
TGC_TERRITORY_734;Trient and Surrounding Areas;;;;;;;;;;;;;x
TGC_TERRITORY_2461;Nossa Senhora do Desterro and Surrounding Areas;;;;;;;;;;;;;x
TGC_TERRITORY_3298;Curiba and Surrounding Areas;;;;;;;;;;;;;x
TGC_TERRITORY_2407;Rio Jurua and Surrounding Areas;;;;;;;;;;;;;x
TGC_TERRITORY_3296;Rio Purus and Surrounding Areas;;;;;;;;;;;;;x
TGC_TERRITORY_2111;Durban and Surrounding Areas;;;;;;;;;;;;;x
TGC_TERRITORY_2112;Emnambithi and Surrounding Areas;;;;;;;;;;;;;x
TGC_TERRITORY_2102;Qwa-Qwa and Surrounding Areas;;;;;;;;;;;;;x
TGC_TERRITORY_2105;Ga-Rankuwa and Surrounding Areas;;;;;;;;;;;;;x
TGC_TERRITORY_2106;Saan and Surrounding Areas;;;;;;;;;;;;;x
TGC_TERRITORY_2107;Makwasi and Surrounding Areas;;;;;;;;;;;;;x
TGC_TERRITORY_2109;Ga-Riba and Surrounding Areas;;;;;;;;;;;;;x
TGC_TERRITORY_348;Aland and Surrounding Areas;;;;;;;;;;;;;x
TGC_TERRITORY_2223;St. Thomas and Surrounding Areas;;;;;;;;;;;;;x
TGC_TERRITORY_1754;Siwa and Surrounding Areas;;;;;;;;;;;;;x
TGC_TERRITORY_1759;Jaghbub and Surrounding Areas;;;;;;;;;;;;;x
TGC_TERRITORY_1748;Mansura and Surrounding Areas;;;;;;;;;;;;;x
TGC_TERRITORY_1749;Ziqaziq and Surrounding Areas;;;;;;;;;;;;;x
TGC_TERRITORY_1843;Waw and Surrounding Areas;;;;;;;;;;;;;x
TGC_TERRITORY_412;Metz and Surrounding Areas;;;;;;;;;;;;;x
TGC_TERRITORY_846;Mentese Adalari and Surrounding Areas;;;;;;;;;;;;;x
TGC_TERRITORY_735;Botzen and Surrounding Areas;;;;;;;;;;;;;x
TGC_TERRITORY_398;Bastogne and Surrounding Areas;;;;;;;;;;;;;x
TGC_TERRITORY_3318;Arlon and Surrounding Areas;;;;;;;;;;;;;x
TGC_TERRITORY_388;Bruges and Surrounding Areas;;;;;;;;;;;;;x
TGC_TERRITORY_1204;Karakum Desert and Surrounding Areas;;;;;;;;;;;;;x
TGC_TERRITORY_2318;Santiago de Chiquitos and Surrounding Areas;;;;;;;;;;;;;x
TGC_TERRITORY_2416;Rio Apa and Surrounding Areas;;;;;;;;;;;;;x
TGC_TERRITORY_2458;Cidade do Guahyra and Surrounding Areas;;;;;;;;;;;;;x
TGC_TERRITORY_2361;Santa Fe de la Vera Cruz and Surrounding Areas;;;;;;;;;;;;;x
TGC_TERRITORY_2362;Takuarendy and Surrounding Areas;;;;;;;;;;;;;x
TGC_TERRITORY_2372;P'amtee and Surrounding Areas;;;;;;;;;;;;;x
TGC_TERRITORY_2377;Anatuya and Surrounding Areas;;;;;;;;;;;;;x
TGC_TERRITORY_3366;Krepost Ross and Surrounding Areas;;;;;;;;;;;;;x
TGC_TERRITORY_1208;Alichur and Surrounding Areas;;;;;;;;;;;;;x
TGC_TERRITORY_1103;Quba and Surrounding Areas;;;;;;;;;;;;;x
TGC_TERRITORY_676;Kishinjov and Surrounding Areas;;;;;;;;;;;;;x
TGC_TERRITORY_677;Belgorod-Dnestrovskiy and Surrounding Areas;;;;;;;;;;;;;x
TGC_TERRITORY_3432;Pazarcik and Surrounding Areas;;;;;;;;;;;;;x
TGC_TERRITORY_2070;Umtali and Surrounding Areas;;;;;;;;;;;;;x
TGC_TERRITORY_2635;Kariba and Surrounding Areas;;;;;;;;;;;;;x
TGC_TERRITORY_2068;Harare and Surrounding Areas;;;;;;;;;;;;;x
TGC_TERRITORY_2110;Tsaneng and Surrounding Areas;;;;;;;;;;;;;x
TGC_TERRITORY_1738;Al Kufrah and Surrounding Areas;;;;;;;;;;;;;x
TGC_TERRITORY_1874;Daban Mountains and Surrounding Areas;;;;;;;;;;;;;x
TGC_TERRITORY_102;Presidio de Tucson and Surrounding Areas;;;;;;;;;;;;;x
TGC_TERRITORY_2662;Chiricahua and Surrounding Areas;;;;;;;;;;;;;x
TGC_TERRITORY_250;Madawaska and Surrounding Areas;;;;;;;;;;;;;x
TGC_TERRITORY_158;Grand Portage and Surrounding Areas;;;;;;;;;;;;;x
TGC_TERRITORY_49;Fort William and Surrounding Areas;;;;;;;;;;;;;x
TGC_TERRITORY_239;Indian Stream and Surrounding Areas;;;;;;;;;;;;;x
TGC_TERRITORY_249;Bangor and Surrounding Areas;;;;;;;;;;;;;x
TGC_TERRITORY_3280;Fort Little Falls and Surrounding Areas;;;;;;;;;;;;;x
TGC_TERRITORY_69;Fredericton and Surrounding Areas;;;;;;;;;;;;;x
TGC_TERRITORY_61;Fort Ingall and Surrounding Areas;;;;;;;;;;;;;x
TGC_TERRITORY_66;Sherbrooke and Surrounding Areas;;;;;;;;;;;;;x
TGC_TERRITORY_67;Rimouski and Surrounding Areas;;;;;;;;;;;;;x
TGC_TERRITORY_2243;Fort Zeelandia and Surrounding Areas;;;;;;;;;;;;;x
TGC_TERRITORY_2369;San Salvador de Jujuy and Surrounding Areas;;;;;;;;;;;;;x
TGC_TERRITORY_2131;Falkland Islands and Surrounding Areas;;;;;;;;;;;;;x
TGC_TERRITORY_2133;South Georgia and Surrounding Areas;;;;;;;;;;;;;x
TGC_TERRITORY_3295;Sao Paulo de Olivenca and Surrounding Areas;;;;;;;;;;;;;x
TGC_TERRITORY_2263;Sao Paulo dos Cambebas and Surrounding Areas;;;;;;;;;;;;;x
TGC_TERRITORY_2401;Forte de Sao Gabriel da Cachoeira and Surrounding Areas;;;;;;;;;;;;;x
TGC_TERRITORY_1205;Bekdash and Surrounding Areas;;;;;;;;;;;;;x
TGC_TERRITORY_1214;Farrah and Surrounding Areas;;;;;;;;;;;;;x
TGC_TERRITORY_1093;Akhalkalaki and Surrounding Areas;;;;;;;;;;;;;x
TGC_TERRITORY_1091;Tskhinval and Surrounding Areas;;;;;;;;;;;;;x
TGC_TERRITORY_1090;Tiflis and Surrounding Areas;;;;;;;;;;;;;x
TGC_TERRITORY_1053;Gunib and Surrounding Areas;;;;;;;;;;;;;x
TGC_TERRITORY_1052;Derbent and Surrounding Areas;;;;;;;;;;;;;x
TGC_TERRITORY_1081;Yakesa and Surrounding Areas;;;;;;;;;;;;;x
TGC_TERRITORY_1082;Haishenwai and Surrounding Areas;;;;;;;;;;;;;x
TGC_TERRITORY_1083;Boli and Surrounding Areas;;;;;;;;;;;;;x
TGC_TERRITORY_1084;Utchan and Surrounding Areas;;;;;;;;;;;;;x
TGC_TERRITORY_1085;Hailanpao and Surrounding Areas;;;;;;;;;;;;;x
TGC_TERRITORY_2617;Saghalian Oula and Surrounding Areas;;;;;;;;;;;;;x
TGC_TERRITORY_2697;Jingkiri and Surrounding Areas;;;;;;;;;;;;;x
TGC_TERRITORY_1186;Alma-Ata and Surrounding Areas;;;;;;;;;;;;;x
TGC_TERRITORY_1188;Qaratal and Surrounding Areas;;;;;;;;;;;;;x
TGC_TERRITORY_1190;Naryn and Surrounding Areas;;;;;;;;;;;;;x
TGC_TERRITORY_1088;Shumshu and Surrounding Areas;;;;;;;;;;;;;x
TGC_TERRITORY_2104;Thaba Bosiu and Surrounding Areas;;;;;;;;;;;;;x
TGC_TERRITORY_2114;Mbabane and Surrounding Areas;;;;;;;;;;;;;x
TGC_TERRITORY_3400;Abra Pampa and Surrounding Areas;;;;;;;;;;;;;x
TGC_TERRITORY_2371;Quisca and Surrounding Areas;;;;;;;;;;;;;x
TGC_TERRITORY_779;Esseg and Surrounding Areas;;;;;;;;;;;;;x
TGC_TERRITORY_777;Poschegg and Surrounding Areas;;;;;;;;;;;;;x
TGC_TERRITORY_2341;Anunciacion de Itapua and Surrounding Areas;;;;;;;;;;;;;x
TGC_TERRITORY_2569;Niksic and Surrounding Areas;;;;;;;;;;;;;x
TGC_TERRITORY_3358;Pluzine and Surrounding Areas;;;;;;;;;;;;;x
TGC_TERRITORY_832;Quluz and Surrounding Areas;;;;;;;;;;;;;x
TGC_TERRITORY_847;Hanya and Surrounding Areas;;;;;;;;;;;;;x
TGC_TERRITORY_1485;Tainan and Surrounding Areas;;;;;;;;;;;;;x
TGC_TERRITORY_2562;Taitung and Surrounding Areas;;;;;;;;;;;;;x
TGC_TERRITORY_2406;Pescadores Islands and Surrounding Areas;;;;;;;;;;;;;x
TGC_TERRITORY_2681;Taibei and Surrounding Areas;;;;;;;;;;;;;x
TGC_TERRITORY_675;Sulina and Surrounding Areas;;;;;;;;;;;;;x
TGC_TERRITORY_674;Kostence and Surrounding Areas;;;;;;;;;;;;;x
TGC_TERRITORY_409;Strasbourg and Surrounding Areas;;;;;;;;;;;;;x
TGC_TERRITORY_473;Corte and Surrounding Areas;;;;;;;;;;;;;x
TGC_TERRITORY_724;Genova and Surrounding Areas;;;;;;;;;;;;;x
TGC_TERRITORY_686;Merv and Surrounding Areas;;;;;;;;;;;;;x
TGC_TERRITORY_1116;Gorgan and Surrounding Areas;;;;;;;;;;;;;x
TGC_TERRITORY_1150;Bojnurd and Surrounding Areas;;;;;;;;;;;;;x
TGC_TERRITORY_1147;Mashhad and Surrounding Areas;;;;;;;;;;;;;x
TGC_TERRITORY_1108;Tabriz and Surrounding Areas;;;;;;;;;;;;;x
TGC_TERRITORY_1109;Khvoy and Surrounding Areas;;;;;;;;;;;;;x
TGC_TERRITORY_1110;Urmiye and Surrounding Areas;;;;;;;;;;;;;x
TGC_TERRITORY_1111;Sablax and Surrounding Areas;;;;;;;;;;;;;x
TGC_TERRITORY_1117;Sine and Surrounding Areas;;;;;;;;;;;;;x
TGC_TERRITORY_1118;Saqqez and Surrounding Areas;;;;;;;;;;;;;x
TGC_TERRITORY_1119;Kermanshah and Surrounding Areas;;;;;;;;;;;;;x
TGC_TERRITORY_1120;Khoramabad and Surrounding Areas;;;;;;;;;;;;;x
TGC_TERRITORY_1133;Dezful and Surrounding Areas;;;;;;;;;;;;;x
TGC_TERRITORY_2366;Tatar and Surrounding Areas;;;;;;;;;;;;;x
TGC_TERRITORY_2367;Wejchunhyat-w'et and Surrounding Areas;;;;;;;;;;;;;x
TGC_TERRITORY_2420;Punta Pura and Surrounding Areas;;;;;;;;;;;;;x
TGC_TERRITORY_895;Icel and Surrounding Areas;;;;;;;;;;;;;x
TGC_TERRITORY_1834;Halaib and Surrounding Areas;;;;;;;;;;;;;x
TGC_TERRITORY_1165;Doha and Surrounding Areas;;;;;;;;;;;;;x
TGC_TERRITORY_2;Redut Svyatogo-Dionisya and Surrounding Areas;;;;;;;;;;;;;x
TGC_TERRITORY_114;Flathead House and Surrounding Areas;;;;;;;;;;;;;x
TGC_TERRITORY_113;Eastern Bannock and Surrounding Areas;;;;;;;;;;;;;x
TGC_TERRITORY_111;Fort Bonneville and Surrounding Areas;;;;;;;;;;;;;x
TGC_TERRITORY_17;Teslin Post and Surrounding Areas;;;;;;;;;;;;;x
TGC_TERRITORY_18;Fort St. John and Surrounding Areas;;;;;;;;;;;;;x
TGC_TERRITORY_78;Fort Nisqually and Surrounding Areas;;;;;;;;;;;;;x
TGC_TERRITORY_79;Fort Vancouver and Surrounding Areas;;;;;;;;;;;;;x
TGC_TERRITORY_80;Fort Nez Perces and Surrounding Areas;;;;;;;;;;;;;x
TGC_TERRITORY_138;Laredo and Surrounding Areas;;;;;;;;;;;;;x
TGC_TERRITORY_232;New York City and Surrounding Areas;;;;;;;;;;;;;x
TGC_TERRITORY_233;Long Island and Surrounding Areas;;;;;;;;;;;;;x
TGC_TERRITORY_100;Gilenos and Surrounding Areas;;;;;;;;;;;;;x
TGC_TERRITORY_101;Gran Canon and Surrounding Areas;;;;;;;;;;;;;x
TGC_TERRITORY_3367;Havasupai and Surrounding Areas;;;;;;;;;;;;;x
TGC_TERRITORY_110;Shoshones Rio Viento and Surrounding Areas;;;;;;;;;;;;;x
TGC_TERRITORY_108;Yutas Orientales and Surrounding Areas;;;;;;;;;;;;;x
TGC_TERRITORY_109;Zuni and Surrounding Areas;;;;;;;;;;;;;x
