PROV3531;Valle de los Pericos;Altona;;;;;;;;;;;;x
PROV3532;Iruya;Erbogacen;;;;;;;;;;;;x
PROV3533;Lantaj Wumek;Fort Vermilion;;;;;;;;;;;;x
PROV3534;Valle Rico;Athabaska Landing;;;;;;;;;;;;x
PROV3535;Chaabolek' Laurepi;Ross River;;;;;;;;;;;;x
PROV3536;Machagai;Unalakleet;;;;;;;;;;;;x
PROV3537;San Miguel;Sidorovsk;;;;;;;;;;;;x
PROV3538;Incahuasi;Malykaj;;;;;;;;;;;;x
PROV3539;Valle de la Luna;Tunginskoye;;;;;;;;;;;;x
PROV3540;Tikopillan;Kolyma;;;;;;;;;;;;x
PROV3541;Shchuchya River Basin;Nadym;;;;;;;;;;;;x
PROV3542;Tacuri;Aktogay;;;;;;;;;;;;x
PROV3543;Tupiza;Tommot;;;;;;;;;;;;x
PROV3544;Tarairi;Novyj Urengoj;;;;;;;;;;;;x
PROV3545;Apolobamba;Artemovskij;;;;;;;;;;;;x
PROV3546;Zapitalanes;Isim;;;;;;;;;;;;x
PROV3547;Guairiguaza;Vasjugan;;;;;;;;;;;;x
PROV3548;Huirapitindi;Sugoj;;;;;;;;;;;;x
PROV3549;Kaa-Iya;Chunskoye;;;;;;;;;;;;x
PROV3550;Otuquis;Niznevartovsk;;;;;;;;;;;;x
PROV3551;Gari (Sosva);Njagan;;;;;;;;;;;;x
PROV3552;Komarek;Nepa;;;;;;;;;;;;x
PROV3553;La Santisima Trinidad;Vojvoz;;;;;;;;;;;;x
PROV3554;Santa Ana del Yacuma;Gornopravdinsk;;;;;;;;;;;;x
