AFR_1867;Ogaden;;;;;;;;;;;;;x
AFR_1868;Juba and Banadir;;;;;;;;;;;;;x
AFR_1871;Migiurtinia and Obbia;;;;;;;;;;;;;x
CGF_BAS_CONGO;Bas-Congo Province;;;;;;;;;;;;;x
CGF_EQUATEUR_TSHUAPA;Equateur and Tshuapa Province;;;;;;;;;;;;;x
CGF_KASAI_LULUA;Kasai and Lulua Province;;;;;;;;;;;;;x
CGF_KATANGA_LUALABA;Katanga and Lualaba Province;;;;;;;;;;;;;x
CGF_KOUILOU_NIARI;Kouilou and Niari District;;;;;;;;;;;;;x
CGF_LULUA_LOMAMI;Lulua and Lomami Province;;;;;;;;;;;;;x
CGF_POOL_PLATEAUX;Pool and Plateaux District;;;;;;;;;;;;;x
CGF_SANGHA_LIKOUALA;Sangha and Likouala District;;;;;;;;;;;;;x
CGF_SANKURU;Sankuru Province;;;;;;;;;;;;;x
CGF_STANLEYVILLE_ARUWIMI;Stanleyville and Aruwimi Province;;;;;;;;;;;;;x
CGF_STANLEY_POOL_KWANGO;Stanley Pool and Kwango Province;;;;;;;;;;;;;x
CGF_UBANGI_LULONGA;Ubangi and Lulonga Province;;;;;;;;;;;;;x
CGF_UELE_ITURI;Uele and Ituri Province;;;;;;;;;;;;;x
NMR_BOTSWANA;Botswana;;;;;;;;;;;;;x
NMR_ERONGO_KHOMAS;Erongo and Khomas;;;;;;;;;;;;;x
NMR_HEREROLAND_KAVANGO;Hereroland, Kavango and Caprivi;;;;;;;;;;;;;x
NMR_KUNENE_OVAMBO;Kunene and Ovambo;;;;;;;;;;;;;x
NMR_NAMALAND;Namaland;;;;;;;;;;;;;x
PROV7481;Epena;;;;;;;;;;;;;x
PROV7482;Loukolela;;;;;;;;;;;;;x
PROV7483;Kavango;;;;;;;;;;;;;x
PROV7484;Okahandja;;;;;;;;;;;;;x
PROV7485;Gibeon;;;;;;;;;;;;;x
