PROV7471;Bingen;;;;;;;;;;;;;x
PROV7472;Ehrenbreitstein;;;;;;;;;;;;;x
PROV7474;Neuf-Brisach;;;;;;;;;;;;;x
PROV7475;Worms;;;;;;;;;;;;;x
PROV7476;Bonn;;;;;;;;;;;;;x
PROV7477;Oberkassel;;;;;;;;;;;;;x
PROV7478;Kalabo;;;;;;;;;;;;;x
PROV7479;Lomami;;;;;;;;;;;;;x
PROV7480;Rivungo;;;;;;;;;;;;;x
PROV7473;Fly River;;;;;;;;;;;;;x
TGC_LONDON_LIMBURG;East Limburg Province;;;;;;;;;;;;;x
TGC_BEL_LIMBURG_WEST;West Limburg Province;;;;;;;;;;;;;x
TGC_PRU_AACHEN;Aachen Province;;;;;;;;;;;;;x
TGC_LIT_KRETINGA;Kretinga Province;;;;;;;;;;;;;x
TGC_CPL_PLOCK;Plock Province;;;;;;;;;;;;;x
TGC_PRU_PLOCK;West Plock Province;;;;;;;;;;;;;x
