HO_2;Alyaska;;;;;;;;;;;;;x
HO_3558;Alyaska / South Funny River;;;;;;;;;;;;;x
HO_2599;Redut Svyatogo-Mikhaila Province;;;;;;;;;;;;;x
HO_7523;Alyaska / Southwest Redut Svyatogo-Mikhaila;;;;;;;;;;;;;x
HO_7521;Alyaska / Southwest Pavlovskaya Gavan;;;;;;;;;;;;;x
HO_7532;Alyaska / West Alakanuk, District 2;;;;;;;;;;;;;x
HO_7536;Alyaska / Southwest Alakanuk;;;;;;;;;;;;;x
HO_7537;Alyaska / East Alakanuk;;;;;;;;;;;;;x
HO_4;Alyaska / South Pavlovskaya Gavan;;;;;;;;;;;;;x
HO_7524;Alyaska / West Shishmaref;;;;;;;;;;;;;x
HO_1;Novo-Arkhangelsk Province;;;;;;;;;;;;;x
HO_5;Alyaska / Southwest Adak;;;;;;;;;;;;;x
HO_23;Athabasca District;;;;;;;;;;;;;x
HO_22;Rocky Mountain House Province;;;;;;;;;;;;;x
HO_7547;Athabasca District / East Fort Edmonton;;;;;;;;;;;;;x
HO_3438;Lake Harbour Province;;;;;;;;;;;;;x
HO_2595;Arctic Territories / East Pangnirtung;;;;;;;;;;;;;x
HO_28;Arctic Territories;;;;;;;;;;;;;x
HO_7554;Arctic Territories / East Kivitoo;;;;;;;;;;;;;x
HO_30;Saskatchewan District;;;;;;;;;;;;;x
HO_31;Saskatchewan District / North Fort Fond du Lac;;;;;;;;;;;;;x
HO_7558;Saskatchewan District / Northwest Big River;;;;;;;;;;;;;x
HO_37;Winnipeg District;;;;;;;;;;;;;x
HO_41;Winnipeg District / South Neepawa;;;;;;;;;;;;;x
HO_7560;Winnipeg District / Southwest Fort Alexander;;;;;;;;;;;;;x
HO_2626;Eastmain District;;;;;;;;;;;;;x
HO_9;Eastmain District / Southwest Matagami;;;;;;;;;;;;;x
HO_2592;Eastmain District / Northeast Fort Chimo;;;;;;;;;;;;;x
HO_76;Labrador District;;;;;;;;;;;;;x
HO_2625;Labrador District / North Battle Harbour;;;;;;;;;;;;;x
HO_75;Labrador District / Southeast Churchill Falls;;;;;;;;;;;;;x
HO_7570;Labrador District / East Paradise River;;;;;;;;;;;;;x
HO_555;Anhalt;;;;;;;;;;;;;x
HO_3419;Anhalt / Southwest Bernburg;;;;;;;;;;;;;x
HO_7573;Anhalt / West Kothen;;;;;;;;;;;;;x
HO_3420;Anhalt / West Kothen, District 2;;;;;;;;;;;;;x
HO_7574;Anhalt / West Kothen, District 3;;;;;;;;;;;;;x
HO_1117;Kordestan;;;;;;;;;;;;;x
HO_1110;Kordestan / Northwest Urmiye;;;;;;;;;;;;;x
HO_1111;Kordestan / Northwest Sablax;;;;;;;;;;;;;x
HO_1119;Kordestan / Southwest Kermanshah;;;;;;;;;;;;;x
HO_1118;Kordestan / Northwest Saqqez;;;;;;;;;;;;;x
HO_1071;Hormozgan;;;;;;;;;;;;;x
HO_2643;Hormozgan / West Hajjiabad;;;;;;;;;;;;;x
HO_6188;Hormozgan / Northwest Sar Chahan-e Janubi;;;;;;;;;;;;;x
HO_1141;Hormozgan / West Bandar e Charak;;;;;;;;;;;;;x
HO_1156;Hail Province;;;;;;;;;;;;;x
HO_1158;Hail Province / Northeast King Khalid Military City;;;;;;;;;;;;;x
HO_2639;Hail Province / North Qurayyat;;;;;;;;;;;;;x
HO_1161;Hail Province / Southeast Sharurah;;;;;;;;;;;;;x
HO_3278;Hail Province / Northeast Al Kabrit;;;;;;;;;;;;;x
HO_1189;Fergana;;;;;;;;;;;;;x
HO_4760;Fergana / West Ak-Jol;;;;;;;;;;;;;x
HO_1203;Fergana / Southwest Talas;;;;;;;;;;;;;x
HO_353;Estland Governorate / West Osel;;;;;;;;;;;;;x
HO_7579;Estland Governorate / West Hiiumaa;;;;;;;;;;;;;x
HO_349;Estland Governorate;;;;;;;;;;;;;x
HO_1052;Derbend Province;;;;;;;;;;;;;x
HO_6431;Derbend Province / North Dubki;;;;;;;;;;;;;x
HO_6861;Derbend Province / Northwest Ingushetia;;;;;;;;;;;;;x
HO_1304;Madras Presidency;;;;;;;;;;;;;x
HO_3348;Madras Presidency / South Singampunari;;;;;;;;;;;;;x
HO_4869;Madras Presidency / Northeast Gannavaram, District 3;;;;;;;;;;;;;x
HO_1312;Madras Presidency / East Pondichery;;;;;;;;;;;;;x
HO_7422;Madras Presidency / East Southwest Trankebar;;;;;;;;;;;;;x
HO_7584;Madras Presidency / Northeast Labbaikkudikkadu;;;;;;;;;;;;;x
HO_7582;Madras Presidency / Northeast Pondichery;;;;;;;;;;;;;x
HO_7583;Madras Presidency / Northeast Pondichery, District 2;;;;;;;;;;;;;x
HO_7585;Madras Presidency / Northeast Gannavaram, District 4;;;;;;;;;;;;;x
HO_1364;Kampot District;;;;;;;;;;;;;x
HO_4923;Kampot District / Northwest Boeng Mealea;;;;;;;;;;;;;x
HO_7586;Kampot District / West Boeng Mealea;;;;;;;;;;;;;x
HO_1399;Jambi;;;;;;;;;;;;;x
HO_1398;Jambi / Northwest Muara Siau;;;;;;;;;;;;;x
HO_1403;Jambi / Southeast The Lampongs;;;;;;;;;;;;;x
HO_1435;Celebes;;;;;;;;;;;;;x
HO_1436;Celebes / South Palopo;;;;;;;;;;;;;x
HO_1434;Celebes / South Gorontalo;;;;;;;;;;;;;x
HO_1431;Celebes / South Teppo;;;;;;;;;;;;;x
HO_1437;Celebes / South Bulon;;;;;;;;;;;;;x
HO_1432;Celebes / Southwest Tapalang;;;;;;;;;;;;;x
HO_1433;Celebes / East Menado;;;;;;;;;;;;;x
HO_1430;Celebes / South Makassar;;;;;;;;;;;;;x
HO_1465;Eastern Mongolia;;;;;;;;;;;;;x
HO_7229;Eastern Mongolia / East Dariganga;;;;;;;;;;;;;x
HO_7590;Eastern Mongolia / East Lower Kherlen;;;;;;;;;;;;;x
HO_7223;Eastern Mongolia / Northeast Lower Kherlen;;;;;;;;;;;;;x
HO_7591;Eastern Mongolia / East Lower Kherlen, District 2;;;;;;;;;;;;;x
HO_7226;Eastern Mongolia / East Erdenetsagaan Frontier;;;;;;;;;;;;;x
HO_7225;Eastern Mongolia / East Khalkh Gol Frontier;;;;;;;;;;;;;x
HO_7593;Eastern Mongolia / Southeast Dariganga;;;;;;;;;;;;;x
HO_1532;Suiyuan Province;;;;;;;;;;;;;x
HO_5125;Suiyuan Province / East Qasq;;;;;;;;;;;;;x
HO_5129;Suiyuan Province / East Qitai;;;;;;;;;;;;;x
HO_1702;Qusantinah;;;;;;;;;;;;;x
HO_1708;Qusantinah / Northeast 'Ain Abid;;;;;;;;;;;;;x
HO_1718;Qusantinah / Northwest Skikda;;;;;;;;;;;;;x
HO_1709;Qusantinah / Northeast Berrahal;;;;;;;;;;;;;x
HO_1701;Qusantinah / Northwest Bougie;;;;;;;;;;;;;x
HO_1731;Tripolitania;;;;;;;;;;;;;x
HO_1742;Tripolitania / West Wath;;;;;;;;;;;;;x
HO_5297;Tripolitania / South Anay;;;;;;;;;;;;;x
HO_1817;Darfur;;;;;;;;;;;;;x
HO_1841;Darfur / South Kafia Kingi;;;;;;;;;;;;;x
HO_1842;Darfur / South Kutum;;;;;;;;;;;;;x
HO_1868;South Somaliland;;;;;;;;;;;;;x
HO_1872;South Somaliland / Northeast Bosaso;;;;;;;;;;;;;x
HO_1871;South Somaliland / Northeast Hobyo;;;;;;;;;;;;;x
HO_1870;South Somaliland / Southwest Beled Hawo;;;;;;;;;;;;;x
HO_1789;Senegal;;;;;;;;;;;;;x
HO_1786;Senegal / West Njaareem;;;;;;;;;;;;;x
HO_1784;Senegal / West Saint-Louis;;;;;;;;;;;;;x
HO_1783;Senegal / West Goree;;;;;;;;;;;;;x
HO_1793;Gambia;;;;;;;;;;;;;x
HO_1785;Gambia / West Bathurst;;;;;;;;;;;;;x
HO_7595;Gambia / West Somita;;;;;;;;;;;;;x
HO_1878;Portuguese Guinea;;;;;;;;;;;;;x
HO_5433;Portuguese Guinea / Southwest Empada;;;;;;;;;;;;;x
HO_1877;Portuguese Guinea / West Bissau;;;;;;;;;;;;;x
HO_1908;Gold Coast Province;;;;;;;;;;;;;x
HO_1909;Gold Coast Province / West Fort Coenraadsburg;;;;;;;;;;;;;x
HO_5465;Gold Coast Province / West Tsib Ansa;;;;;;;;;;;;;x
HO_1913;Gold Coast Province / East Fort Lijdzaamheid;;;;;;;;;;;;;x
HO_7598;Gold Coast Province / Southwest Cape Coast;;;;;;;;;;;;;x
HO_1924;Lagos District;;;;;;;;;;;;;x
HO_1926;Lagos District / Southeast Ife;;;;;;;;;;;;;x
HO_1923;Lagos District / Southeast Lagos;;;;;;;;;;;;;x
HO_1928;Benin District;;;;;;;;;;;;;x
HO_1929;Benin District / North Akure;;;;;;;;;;;;;x
HO_1931;Benin District / South Warri;;;;;;;;;;;;;x
HO_1932;Benin District / Northeast Bonny;;;;;;;;;;;;;x
HO_2200;Mosquito Coast;;;;;;;;;;;;;x
HO_5749;Mosquito Coast / Northwest Siuna;;;;;;;;;;;;;x
HO_3502;Mosquito Coast / South San Juan del Norte;;;;;;;;;;;;;x
HO_2265;Los Llanos;;;;;;;;;;;;;x
HO_2249;Los Llanos / Southwest El Viento;;;;;;;;;;;;;x
HO_5796;Los Llanos / West Cubara;;;;;;;;;;;;;x
HO_2279;San Francisco de Quito Province;;;;;;;;;;;;;x
HO_2283;San Francisco de Quito Province / Southeast Macas;;;;;;;;;;;;;x
HO_5830;San Francisco de Quito Province / Southwest La Paz-Macas;;;;;;;;;;;;;x
HO_2292;Trujillo Province;;;;;;;;;;;;;x
HO_2287;Trujillo Province / North Jaen;;;;;;;;;;;;;x
HO_7603;Trujillo Province / Northwest Chapaya;;;;;;;;;;;;;x
HO_7604;Trujillo Province / Northwest Chapaya, District 2;;;;;;;;;;;;;x
HO_2402;Para Province;;;;;;;;;;;;;x
HO_2410;Para Province / Northeast Tome-Acu;;;;;;;;;;;;;x
HO_2412;Engenho dos Breves Province;;;;;;;;;;;;;x
HO_5954;Para Province / North Talima;;;;;;;;;;;;;x
HO_2368;San Felipe y Santiago de Lerma en el Valle de Salta Province;;;;;;;;;;;;;x
HO_2369;Jujuy Province;;;;;;;;;;;;;x
HO_2370;Suskhuk Province;;;;;;;;;;;;;x
HO_3353;San Felipe y Santiago de Lerma en el Valle de Salta Province / North Los Toldos;;;;;;;;;;;;;x
HO_3399;Mitau and Selburg District;;;;;;;;;;;;;x
HO_357;Mitau Province;;;;;;;;;;;;;x
HO_7076;Mitau / Selburg District / Northeast Kokenhusen;;;;;;;;;;;;;x
HO_6531;Mitau / Selburg District / East Subate;;;;;;;;;;;;;x
HO_3305;West Thuringia;;;;;;;;;;;;;x
HO_563;West Thuringia / South Meiningen;;;;;;;;;;;;;x
HO_7166;West Thuringia / South Coburg;;;;;;;;;;;;;x
HO_3256;West Thuringia / Southeast Arnstadt;;;;;;;;;;;;;x
HO_715;Podlasie Province;;;;;;;;;;;;;x
HO_4272;Podlasie Province / Northeast Miedzyrzec Podlaski;;;;;;;;;;;;;x
HO_7121;Podlasie Province / Northeast Terespol;;;;;;;;;;;;;x
PROV7424;Admiralty Island;;;;;;;;;;;;;x
PROV7425;Kachemak Bay;;;;;;;;;;;;;x
PROV7426;Kulukak;;;;;;;;;;;;;x
PROV7427;Pavlof Bay;;;;;;;;;;;;;x
PROV7428;Nunivak Island;;;;;;;;;;;;;x
PROV7429;Ratmanov Island;;;;;;;;;;;;;x
PROV7430;Sanak Island;;;;;;;;;;;;;x
PROV7431;Prince of Wales Island;;;;;;;;;;;;;x
PROV7432;Nightmute;;;;;;;;;;;;;x
PROV7433;Nulato;;;;;;;;;;;;;x
PROV7434;Upper Kalskag;;;;;;;;;;;;;x
PROV7435;Tanana;;;;;;;;;;;;;x
PROV7436;Egavik;;;;;;;;;;;;;x
PROV7437;Montague Island;;;;;;;;;;;;;x
PROV7438;Clearwater River;;;;;;;;;;;;;x
PROV7439;Birch Mountains;;;;;;;;;;;;;x
PROV7440;Akpatok Island;;;;;;;;;;;;;x
PROV7441;Loks Land;;;;;;;;;;;;;x
PROV7442;Steensby Inlet;;;;;;;;;;;;;x
PROV7443;Baffin Land;;;;;;;;;;;;;x
PROV7444;Lake Winnipegosis;;;;;;;;;;;;;x
PROV7445;Pelican Bay;;;;;;;;;;;;;x
PROV7446;Cartwright;;;;;;;;;;;;;x
PROV7447;Kleinpaschleben;;;;;;;;;;;;;x
PROV7448;Giersleben;;;;;;;;;;;;;x
PROV7449;Charak;;;;;;;;;;;;;x
PROV7450;Burchmulla;;;;;;;;;;;;;x
PROV7451;Ruhnu;;;;;;;;;;;;;x
PROV7452;Tagalaht;;;;;;;;;;;;;x
PROV7453;Vadalur;;;;;;;;;;;;;x
PROV7454;Panruti;;;;;;;;;;;;;x
PROV7455;Nellikuppam;;;;;;;;;;;;;x
PROV7456;Mel Pattambakkam;;;;;;;;;;;;;x
PROV7457;Pursat;;;;;;;;;;;;;x
PROV7458;Kherlen River;;;;;;;;;;;;;x
PROV7459;Sumber;;;;;;;;;;;;;x
PROV7460;Erdenetsagaan;;;;;;;;;;;;;x
PROV7461;Dzamin Ude;;;;;;;;;;;;;x
PROV7462;Serdeles;;;;;;;;;;;;;x
PROV7463;Mandinari;;;;;;;;;;;;;x
PROV7464;Kerewan;;;;;;;;;;;;;x
PROV7465;Takoradi;;;;;;;;;;;;;x
PROV7466;Arauca;;;;;;;;;;;;;x
PROV7467;Puyo;;;;;;;;;;;;;x
PROV7468;Zorritos;;;;;;;;;;;;;x
PROV7469;Cancas;;;;;;;;;;;;;x
PROV7470;Caviana Island;;;;;;;;;;;;;x
ho_acquire_any_state_hst_cpl_podlasie;Acquire (Podlasie Province);Prendre territoire clé;Kernprovinz erwerben;;;;;;;;;;;x
ho_acquire_any_state_hst_cpl_podlasie_desc;Acquire an enemy §Ystate§W;Prendre un §YÉtat§W ennemi o?nous avons des §Yprovinces principales§W;Erobern Sie einen feindlichen §YStaat§W, in dem wir §YKernprovinzen§W haben.;;;;;;;;;;;x
ho_acquire_any_state_hst_cpl_podlasie_short;Acquire $STATE$;Prendre $STATE$;$STATE$ erwerben;;;;;;;;;;;x
ho_acquire_any_state_tri_1731;Acquire (Tripolitania);Prendre territoire clé;Kernprovinz erwerben;;;;;;;;;;;x
ho_acquire_any_state_tri_1731_desc;Acquire an enemy §Ystate§W;Prendre un §YÉtat§W ennemi o?nous avons des §Yprovinces principales§W;Erobern Sie einen feindlichen §YStaat§W, in dem wir §YKernprovinzen§W haben.;;;;;;;;;;;x
ho_acquire_any_state_tri_1731_short;Acquire $STATE$;Prendre $STATE$;$STATE$ erwerben;;;;;;;;;;;x
ho_acquire_core_state_arg_2369;Acquire Cores (San Felipe y Santiago de Lerma en el Valle de Salta Province);;;;;;;;;;;;;x
ho_acquire_core_state_arg_2369_desc;Acquire an enemy §Ystate§W where we have §Ycore provinces§W;Prendre un §YÉtat§W ennemi où nous avons des §Yprovinces principales§W;Erobern Sie einen feindlichen §YStaat§W, in dem wir §YKernprovinzen§W haben.;;Adquirir un §Yestado§W enemigo donde tenemos §Yprovincias núcleo§W;;;;;;;;;x
ho_acquire_core_state_arg_2369_short;Acquire $STATE$;;;;;;;;;;;;x;x
ho_acquire_core_state_fra_1783;Acquire Cores (Senegal);;;;;;;;;;;;;x
ho_acquire_core_state_fra_1783_desc;Acquire an enemy §Ystate§W where we have §Ycore provinces§W;Prendre un §YÉtat§W ennemi où nous avons des §Yprovinces principales§W;Erobern Sie einen feindlichen §YStaat§W, in dem wir §YKernprovinzen§W haben.;;Adquirir un §Yestado§W enemigo donde tenemos §Yprovincias núcleo§W;;;;;;;;;x
ho_acquire_core_state_fra_1783_short;Acquire $STATE$;;;;;;;;;;;;x;x
ho_acquire_core_state_per_1122;Acquire Cores (Kordestan);;;;;;;;;;;;;x
ho_acquire_core_state_per_1122_desc;Acquire an enemy §Ystate§W where we have §Ycore provinces§W;Prendre un §YÉtat§W ennemi où nous avons des §Yprovinces principales§W;Erobern Sie einen feindlichen §YStaat§W, in dem wir §YKernprovinzen§W haben.;;Adquirir un §Yestado§W enemigo donde tenemos §Yprovincias núcleo§W;;;;;;;;;x
ho_acquire_core_state_per_1122_short;Acquire $STATE$;;;;;;;;;;;;x;x
ho_acquire_state_fra_1783;Territorial Claim (Senegal);;;;;;;;;;;;x;x
ho_acquire_state_fra_1783_desc;Acquire an enemy §Ystate§W;Prendre un §YÉtat§W ennemi;Erobern Sie einen feindlichen §YStaat§W.;;Adquirir un §Yestado§W enemigo;;;;;;;;;x
ho_acquire_state_fra_1783_short;Acquire $STATE$;;;;;;;;;;;;x;x
ho_place_in_the_sun_tri_1731;Colonial Conquest (Tripolitania);;;;;;;;;;;;x;x
ho_place_in_the_sun_tri_1731_desc;Acquire an enemy §Ycolonial state§W;Prendre un §YÉtat colonial§W ennemi;Erobern Sie einen feindlichen §YKolonialstaat§W.;;Adquirir un §Yestado colonial§W enemigo;;;;;;;;;x
ho_place_in_the_sun_tri_1731_short;Acquire $STATE$;;;;;;;;;;;;x;x
HOP_3;Novorossiysk Region;;;;;;;;;;;;;x
HOP_4;Pavlovskaya Gavan Region;;;;;;;;;;;;;x
HOP_2599;Redut Svyatogo-Mikhaila Region;;;;;;;;;;;;;x
HOP_3317;Yekaterininsky Arkhpelag Region;;;;;;;;;;;;;x
HOP_3390;Redut Kolmakovsky Region;;;;;;;;;;;;;x
HOP_3391;Redut Delarofsky Region;;;;;;;;;;;;;x
HOP_3536;Machagai Region;;;;;;;;;;;;;x
HOP_3408;Redut Batzulnetas Region;;;;;;;;;;;;;x
HOP_3445;Prudo-Bey Region;;;;;;;;;;;;;x
HOP_3557;Klawock Region;;;;;;;;;;;;;x
HOP_6138;Alakanuk Region;;;;;;;;;;;;;x
HOP_6390;Pilot Station Region;;;;;;;;;;;;;x
HOP_6391;Talkeetna Region;;;;;;;;;;;;;x
HOP_6410;Tok Region;;;;;;;;;;;;;x
HOP_6412;Wainwright Region;;;;;;;;;;;;;x
HOP_6413;Shishmaref Region;;;;;;;;;;;;;x
HOP_6453;Sagwon Region;;;;;;;;;;;;;x
HOP_25;Fort Edmonton Region;;;;;;;;;;;;;x
HOP_3446;Fort Chipewyan Region;;;;;;;;;;;;;x
HOP_28;Cape Dorset Region;;;;;;;;;;;;;x
HOP_2595;Frobisher Bay Region;;;;;;;;;;;;;x
HOP_3438;Lake Harbour Region;;;;;;;;;;;;;x
HOP_3440;Clyde River Region;;;;;;;;;;;;;x
HOP_6442;Clyde River-Lake Harbour Region;;;;;;;;;;;;;x
HOP_6443;Kimmirut Region;;;;;;;;;;;;;x
HOP_6445;Kivitoo Region;;;;;;;;;;;;;x
HOP_3592;Big River Region;;;;;;;;;;;;;x
HOP_3590;Cluff Lake Region;;;;;;;;;;;;;x
HOP_37;York Factory Region;;;;;;;;;;;;;x
HOP_3447;Fort Alexander Region;;;;;;;;;;;;;x
HOP_3600;Cranberry Portage Region;;;;;;;;;;;;;x
HOP_3604;Neepawa Region;;;;;;;;;;;;;x
HOP_2626;Ungava Peninsula Region;;;;;;;;;;;;;x
HOP_6460;Kuujjuarapik Region;;;;;;;;;;;;;x
HOP_6461;Kangiqsualujjuaq Region;;;;;;;;;;;;;x
HOP_76;Rigolet Post Region;;;;;;;;;;;;;x
HOP_3451;Michikamau House Region;;;;;;;;;;;;;x
HOP_6167;Paradise River Region;;;;;;;;;;;;;x
HOP_3420;Kothen Region;;;;;;;;;;;;;x
HOP_4697;Moghuyeh Region;;;;;;;;;;;;;x
HOP_1203;Talas Region;;;;;;;;;;;;;x
HOP_4760;Ak-Jol Region;;;;;;;;;;;;;x
HOP_353;Osel Region;;;;;;;;;;;;;x
HOP_7078;Hiiumaa Region;;;;;;;;;;;;;x
HOP_1310;Madurai Region;;;;;;;;;;;;;x
HOP_1312;Pondichery Region;;;;;;;;;;;;;x
HOP_4861;Labbaikkudikkadu Region;;;;;;;;;;;;;x
HOP_4869;Gannavaram Region;;;;;;;;;;;;;x
HOP_1367;Kampot Region;;;;;;;;;;;;;x
HOP_4923;Boeng Mealea Region;;;;;;;;;;;;;x
HOP_1436;Palopo Region;;;;;;;;;;;;;x
HOP_4991;Pagimana Region;;;;;;;;;;;;;x
HOP_7223;Lower Kherlen Region;;;;;;;;;;;;;x
HOP_7226;Erdenetsagaan Frontier Region;;;;;;;;;;;;;x
HOP_7229;Dariganga Region;;;;;;;;;;;;;x
HOP_5297;Anay Region;;;;;;;;;;;;;x
HOP_1785;Bathurst Region;;;;;;;;;;;;;x
HOP_5340;Somita Region;;;;;;;;;;;;;x
HOP_1877;Bissau Region;;;;;;;;;;;;;x
HOP_1908;Cape Coast Region;;;;;;;;;;;;;x
HOP_5465;Tsib Ansa Region;;;;;;;;;;;;;x
HOP_5752;Krukira Region;;;;;;;;;;;;;x
HOP_5796;Cubara Region;;;;;;;;;;;;;x
HOP_5830;La Paz-Macas Region;;;;;;;;;;;;;x
HOP_5834;Chapaya Region;;;;;;;;;;;;;x
HOP_2410;Santa Maria de Belem do Para Region;;;;;;;;;;;;;x
HOP_3353;Los Toldos Region;;;;;;;;;;;;;x
