HMG_2;Alyaska;;;;;;;;;;;;;x
HMG_5;Unalashka Province;;;;;;;;;;;;;x
HMG_8;Kelantan;;;;;;;;;;;;;x
HMG_9;Eastmain District;;;;;;;;;;;;;x
HMG_11;North-Western Territories;;;;;;;;;;;;;x
HMG_23;Athabasca District;;;;;;;;;;;;;x
HMG_28;Arctic Territories;;;;;;;;;;;;;x
HMG_29;Tashkent District;;;;;;;;;;;;;x
HMG_30;Saskatchewan District;;;;;;;;;;;;;x
HMG_37;Winnipeg District;;;;;;;;;;;;;x
HMG_41;Red River District;;;;;;;;;;;;;x
HMG_45;Saint Kitts and Nevis;;;;;;;;;;;;;x
HMG_75;Labrador District;;;;;;;;;;;;;x
HMG_146;Missouri;;;;;;;;;;;;;x
HMG_159;Wisconsin;;;;;;;;;;;;;x
HMG_173;Michigan;;;;;;;;;;;;;x
HMG_203;Bahamas;;;;;;;;;;;;;x
HMG_217;West Virginia;;;;;;;;;;;;;x
HMG_219;Maryland;;;;;;;;;;;;;x
HMG_241;Connecticut;;;;;;;;;;;;;x
HMG_243;Massachusetts;;;;;;;;;;;;;x
HMG_252;Iceland;;;;;;;;;;;;;x
HMG_254;Northern Ireland;;;;;;;;;;;;;x
HMG_258;Connacht;;;;;;;;;;;;;x
HMG_266;Aberdeen and Perth;;;;;;;;;;;;;x
HMG_269;Lothian and Borders;;;;;;;;;;;;;x
HMG_271;Clyde and Argyll;;;;;;;;;;;;;x
HMG_277;Lancashire and Cheshire;;;;;;;;;;;;;x
HMG_291;East Anglia and Essex;;;;;;;;;;;;;x
HMG_296;Gloucestershire and Somerset;;;;;;;;;;;;;x
HMG_299;Devon and Cornwall;;;;;;;;;;;;;x
HMG_305;Trondheim Stift;;;;;;;;;;;;;x
HMG_307;West Finnmark;;;;;;;;;;;;;x
HMG_309;Bergen Diocese;;;;;;;;;;;;;x
HMG_313;Akershus Stift;;;;;;;;;;;;;x
HMG_320;North Norrland;;;;;;;;;;;;;x
HMG_325;Ostergotland and Gotland;;;;;;;;;;;;;x
HMG_326;Vastmanland and Narke;;;;;;;;;;;;;x
HMG_329;Vastergotland;;;;;;;;;;;;;x
HMG_336;Kalajoki District;;;;;;;;;;;;;x
HMG_348;Aland Province;;;;;;;;;;;;;x
HMG_349;Estland Governorate;;;;;;;;;;;;;x
HMG_354;Riga and Wolmar County;;;;;;;;;;;;;x
HMG_368;North Schleswig;;;;;;;;;;;;;x
HMG_369;Holstein;;;;;;;;;;;;;x
HMG_372;Zealand Diocese;;;;;;;;;;;;;x
HMG_375;Holland Province;;;;;;;;;;;;;x
HMG_384;Overijssel Province;;;;;;;;;;;;;x
HMG_385;Friesland Province;;;;;;;;;;;;;x
HMG_396;Aachen District;;;;;;;;;;;;;x
HMG_401;Pas-de-Calais Department;;;;;;;;;;;;;x
HMG_403;Aisne Department;;;;;;;;;;;;;x
HMG_405;Marne Department;;;;;;;;;;;;;x
HMG_409;Bas-Rhin Department;;;;;;;;;;;;;x
HMG_417;Orne Prefecture;;;;;;;;;;;;;x
HMG_420;Finistere Prefecture;;;;;;;;;;;;;x
HMG_424;Ille-et-Vilaine Prefecture;;;;;;;;;;;;;x
HMG_425;Seine-et-Oise Department;;;;;;;;;;;;;x
HMG_426;Eure-et-Loir Department;;;;;;;;;;;;;x
HMG_428;Saone-et-Loire Department;;;;;;;;;;;;;x
HMG_429;Loiret Prefecture;;;;;;;;;;;;;x
HMG_430;Allier Department;;;;;;;;;;;;;x
HMG_431;Jura Department;;;;;;;;;;;;;x
HMG_432;Doubs Department;;;;;;;;;;;;;x
HMG_434;Deux-Sevres Department;;;;;;;;;;;;;x
HMG_437;Vendee Department;;;;;;;;;;;;;x
HMG_440;Indre Department;;;;;;;;;;;;;x
HMG_444;Charente Department;;;;;;;;;;;;;x
HMG_445;Creuse Prefecture;;;;;;;;;;;;;x
HMG_449;Gard Prefecture;;;;;;;;;;;;;x
HMG_450;Aveyron Department;;;;;;;;;;;;;x
HMG_452;Isere Department;;;;;;;;;;;;;x
HMG_455;Hautes-Pyrenees Prefecture;;;;;;;;;;;;;x
HMG_456;Aude Prefecture;;;;;;;;;;;;;x
HMG_457;Ariege Prefecture;;;;;;;;;;;;;x
HMG_458;Gironde Department;;;;;;;;;;;;;x
HMG_467;Bouches-du-Rhone Prefecture;;;;;;;;;;;;;x
HMG_471;Cuneo Province;;;;;;;;;;;;;x
HMG_472;Nice Province;;;;;;;;;;;;;x
HMG_474;Lugo Province;;;;;;;;;;;;;x
HMG_475;Oviedo Province;;;;;;;;;;;;;x
HMG_476;Orense Province;;;;;;;;;;;;;x
HMG_480;Valladolid Province;;;;;;;;;;;;;x
HMG_482;Salamanca Province;;;;;;;;;;;;;x
HMG_483;Toledo Province;;;;;;;;;;;;;x
HMG_492;Vizcaya Province;;;;;;;;;;;;;x
HMG_512;Cadiz Province;;;;;;;;;;;;;x
HMG_528;Stade District;;;;;;;;;;;;;x
HMG_529;Lauenborg;;;;;;;;;;;;;x
HMG_534;Hannover District;;;;;;;;;;;;;x
HMG_536;Magdeburg District;;;;;;;;;;;;;x
HMG_540;Oldenburg District;;;;;;;;;;;;;x
HMG_544;Mecklenburg-Schwerin;;;;;;;;;;;;;x
HMG_554;Merseburg District;;;;;;;;;;;;;x
HMG_555;Anhalt;;;;;;;;;;;;;x
HMG_558;Dresden District;;;;;;;;;;;;;x
HMG_560;Zwickau District;;;;;;;;;;;;;x
HMG_561;Erfurt District;;;;;;;;;;;;;x
HMG_562;Saxe-Weimar;;;;;;;;;;;;;x
HMG_563;West Thuringia;;;;;;;;;;;;;x
HMG_564;Starkenburg District;;;;;;;;;;;;;x
HMG_565;Nassau;;;;;;;;;;;;;x
HMG_566;Niederhessen District;;;;;;;;;;;;;x
HMG_567;Oberhessen District;;;;;;;;;;;;;x
HMG_568;Fulda District;;;;;;;;;;;;;x
HMG_571;Pfalz;;;;;;;;;;;;;x
HMG_572;Trier District;;;;;;;;;;;;;x
HMG_585;Minden District;;;;;;;;;;;;;x
HMG_587;Upper Rhine District;;;;;;;;;;;;;x
HMG_593;Donau District;;;;;;;;;;;;;x
HMG_598;Oberfranken District;;;;;;;;;;;;;x
HMG_600;Lower Bavaria District;;;;;;;;;;;;;x
HMG_603;Zurich Canton;;;;;;;;;;;;;x
HMG_605;Bern Canton;;;;;;;;;;;;;x
HMG_606;Lucerne Canton;;;;;;;;;;;;;x
HMG_607;Vaud Canton;;;;;;;;;;;;;x
HMG_658;Hawaii;;;;;;;;;;;;;x
HMG_670;Upper Moldavia;;;;;;;;;;;;;x
HMG_672;Bacau District;;;;;;;;;;;;;x
HMG_673;Kagul District;;;;;;;;;;;;;x
HMG_682;Breslau District;;;;;;;;;;;;;x
HMG_684;Oppeln District;;;;;;;;;;;;;x
HMG_685;Wadowice / Bochnia District;;;;;;;;;;;;;x
HMG_686;Karakum Desert District;;;;;;;;;;;;;x
HMG_690;Prussia Province;;;;;;;;;;;;;x
HMG_699;Posen District;;;;;;;;;;;;;x
HMG_715;Podlasie Province;;;;;;;;;;;;;x
HMG_729;Venice;;;;;;;;;;;;;x
HMG_737;Gorz / Gradisca;;;;;;;;;;;;;x
HMG_738;Duchy of Parma;;;;;;;;;;;;;x
HMG_739;Duchy of Modena;;;;;;;;;;;;;x
HMG_741;Romagna Legations;;;;;;;;;;;;;x
HMG_745;Pisa District;;;;;;;;;;;;;x
HMG_751;Marche;;;;;;;;;;;;;x
HMG_753;L'Aquila Province;;;;;;;;;;;;;x
HMG_754;Napoli Province;;;;;;;;;;;;;x
HMG_755;Salerno Province;;;;;;;;;;;;;x
HMG_759;Reggio Province;;;;;;;;;;;;;x
HMG_762;Caltanissetta Province;;;;;;;;;;;;;x
HMG_764;Noto Province;;;;;;;;;;;;;x
HMG_781;Zara Province;;;;;;;;;;;;;x
HMG_785;Banja Luka Sanjak;;;;;;;;;;;;;x
HMG_788;Mostar District;;;;;;;;;;;;;x
HMG_798;Nis District;;;;;;;;;;;;;x
HMG_801;Polynesia;;;;;;;;;;;;;x
HMG_805;Selanik Sanjak;;;;;;;;;;;;;x
HMG_808;Petrich District;;;;;;;;;;;;;x
HMG_820;Lekas District;;;;;;;;;;;;;x
HMG_823;Serres and Drama Sanjak;;;;;;;;;;;;;x
HMG_826;Ionian Islands;;;;;;;;;;;;;x
HMG_828;Edirne District;;;;;;;;;;;;;x
HMG_835;Phthiotis / Phocis;;;;;;;;;;;;;x
HMG_836;Aetolia / Acarnania;;;;;;;;;;;;;x
HMG_838;Kyklades;;;;;;;;;;;;;x
HMG_839;Argolis / Corinthia;;;;;;;;;;;;;x
HMG_842;Arcadia / Messenia;;;;;;;;;;;;;x
HMG_849;Ergiri / Vlore Sanjak;;;;;;;;;;;;;x
HMG_858;Gelibolu Sanjak;;;;;;;;;;;;;x
HMG_964;Crimea;;;;;;;;;;;;;x
HMG_982;Kola and Kem County;;;;;;;;;;;;;x
HMG_983;Olonets Governorate;;;;;;;;;;;;;x
HMG_988;Povenets Province;;;;;;;;;;;;;x
HMG_994;Sankt-Peterburg District;;;;;;;;;;;;;x
HMG_1005;Pskov District;;;;;;;;;;;;;x
HMG_1042;Ufa / Sterlitamak County;;;;;;;;;;;;;x
HMG_1043;Orenburg and Buzuluk County;;;;;;;;;;;;;x
HMG_1048;Levoberezhny Kuban;;;;;;;;;;;;;x
HMG_1049;Western Levoberezhny Kuban Oblast;;;;;;;;;;;;;x
HMG_1050;Voroshilovsk County;;;;;;;;;;;;;x
HMG_1057;Eastern Levoberezhny Kuban Oblast;;;;;;;;;;;;;x
HMG_1063;Tomsk Prefecture;;;;;;;;;;;;;x
HMG_1069;West Yakutsk;;;;;;;;;;;;;x
HMG_1072;Magadan;;;;;;;;;;;;;x
HMG_1078;Transbaikal;;;;;;;;;;;;;x
HMG_1090;Tiflis Prefecture;;;;;;;;;;;;;x
HMG_1102;Baku Prefecture;;;;;;;;;;;;;x
HMG_1110;Kordestan;;;;;;;;;;;;;x
HMG_1117;Sine Province;;;;;;;;;;;;;x
HMG_1135;Fars;;;;;;;;;;;;;x
HMG_1141;Bandar e Charak Province;;;;;;;;;;;;;x
HMG_1156;Hail Province;;;;;;;;;;;;;x
HMG_1158;Manifa Province;;;;;;;;;;;;;x
HMG_1182;Ural Cossacks;;;;;;;;;;;;;x
HMG_1183;Turgai Steppe;;;;;;;;;;;;;x
HMG_1189;Fergana;;;;;;;;;;;;;x
HMG_1192;Khiva Province;;;;;;;;;;;;;x
HMG_1201;Badakhshan;;;;;;;;;;;;;x
HMG_1208;Altishahr;;;;;;;;;;;;;x
HMG_1224;Srinagar District;;;;;;;;;;;;;x
HMG_1227;Punjab Mainland;;;;;;;;;;;;;x
HMG_1231;Sindh;;;;;;;;;;;;;x
HMG_1233;Simla Hills Princely States;;;;;;;;;;;;;x
HMG_1238;North-Western Provinces Mainland;;;;;;;;;;;;;x
HMG_1251;West Bengal;;;;;;;;;;;;;x
HMG_1252;East Bengal;;;;;;;;;;;;;x
HMG_1262;Orissa;;;;;;;;;;;;;x
HMG_1264;Jodhpur Princely State;;;;;;;;;;;;;x
HMG_1268;Jaipur Princely State;;;;;;;;;;;;;x
HMG_1269;Mewar Princely State;;;;;;;;;;;;;x
HMG_1270;Gwalior Princely State;;;;;;;;;;;;;x
HMG_1271;Bhopal Princely State;;;;;;;;;;;;;x
HMG_1273;Rewah Princely State;;;;;;;;;;;;;x
HMG_1275;Sagar / Narmada District;;;;;;;;;;;;;x
HMG_1283;Hyderabad Proper;;;;;;;;;;;;;x
HMG_1290;Palanpur Princely State;;;;;;;;;;;;;x
HMG_1291;British Ahmedabad;;;;;;;;;;;;;x
HMG_1292;Rajpipla Princely State;;;;;;;;;;;;;x
HMG_1294;Mahi Kantha Princely States;;;;;;;;;;;;;x
HMG_1296;Dharampur Princely State;;;;;;;;;;;;;x
HMG_1297;Bombay District;;;;;;;;;;;;;x
HMG_1299;Bombay Presidency;;;;;;;;;;;;;x
HMG_1301;Kolhapur Princely State;;;;;;;;;;;;;x
HMG_1302;Mudhol Princely State;;;;;;;;;;;;;x
HMG_1304;Madras Presidency;;;;;;;;;;;;;x
HMG_1305;Circars;;;;;;;;;;;;;x
HMG_1313;Mysore Princely State;;;;;;;;;;;;;x
HMG_1318;Travancore;;;;;;;;;;;;;x
HMG_1350;Isan;;;;;;;;;;;;;x
HMG_1356;Luang Prabang District;;;;;;;;;;;;;x
HMG_1364;Kampot District;;;;;;;;;;;;;x
HMG_1384;Johor;;;;;;;;;;;;;x
HMG_1388;Terengganu;;;;;;;;;;;;;x
HMG_1389;Kedah;;;;;;;;;;;;;x
HMG_1393;Sarawak;;;;;;;;;;;;;x
HMG_1398;Jambi;;;;;;;;;;;;;x
HMG_1430;Celebes;;;;;;;;;;;;;x
HMG_1433;Menado Province;;;;;;;;;;;;;x
HMG_1434;Palopo Province;;;;;;;;;;;;;x
HMG_1443;Dutch Timor;;;;;;;;;;;;;x
HMG_1462;East Mindanao;;;;;;;;;;;;;x
HMG_1465;Eastern Mongolia;;;;;;;;;;;;;x
HMG_1493;East Guangdong Mainland;;;;;;;;;;;;;x
HMG_1510;West Henan;;;;;;;;;;;;;x
HMG_1532;Suiyuan Province;;;;;;;;;;;;;x
HMG_1534;Ulaan Chab Chuulghan Province;;;;;;;;;;;;;x
HMG_1537;South Jiangsu Province Proper;;;;;;;;;;;;;x
HMG_1563;West Shandong Interior;;;;;;;;;;;;;x
HMG_1565;East Shandong Interior;;;;;;;;;;;;;x
HMG_1572;Shanxi;;;;;;;;;;;;;x
HMG_1577;East Sichuan Province Proper;;;;;;;;;;;;;x
HMG_1578;West Sichuan Province Proper;;;;;;;;;;;;;x
HMG_1613;Rehe Province;;;;;;;;;;;;;x
HMG_1625;Southern Hwanghae Province;;;;;;;;;;;;;x
HMG_1626;Sariwon;;;;;;;;;;;;;x
HMG_1631;North Gyeongsang;;;;;;;;;;;;;x
HMG_1645;Niigata Prefecture;;;;;;;;;;;;;x
HMG_1646;Toyama Prefecture;;;;;;;;;;;;;x
HMG_1647;Fukui Prefecture;;;;;;;;;;;;;x
HMG_1653;Ibaraki Prefecture;;;;;;;;;;;;;x
HMG_1655;Nara Prefecture;;;;;;;;;;;;;x
HMG_1656;Wakayama Prefecture;;;;;;;;;;;;;x
HMG_1657;Hyogo Prefecture;;;;;;;;;;;;;x
HMG_1660;Kumamoto Prefecture;;;;;;;;;;;;;x
HMG_1662;Kagoshima Prefecture;;;;;;;;;;;;;x
HMG_1668;Iwate Prefecture;;;;;;;;;;;;;x
HMG_1669;Tochigi Prefecture;;;;;;;;;;;;;x
HMG_1673;Yamagata Prefecture;;;;;;;;;;;;;x
HMG_1677;Nagano Prefecture;;;;;;;;;;;;;x
HMG_1686;Rif Province;;;;;;;;;;;;;x
HMG_1701;Bougie Province;;;;;;;;;;;;;x
HMG_1708;Batna Province;;;;;;;;;;;;;x
HMG_1723;Istmo;;;;;;;;;;;;;x
HMG_1731;Tripolitania;;;;;;;;;;;;;x
HMG_1753;Fayyum District;;;;;;;;;;;;;x
HMG_1773;Saguia el-Hamra District;;;;;;;;;;;;;x
HMG_1783;Goree Province;;;;;;;;;;;;;x
HMG_1785;Gambia;;;;;;;;;;;;;x
HMG_1808;Niamey District;;;;;;;;;;;;;x
HMG_1817;Darfur;;;;;;;;;;;;;x
HMG_1848;Eritrea;;;;;;;;;;;;;x
HMG_1859;Ankober District;;;;;;;;;;;;;x
HMG_1864;Gidole District;;;;;;;;;;;;;x
HMG_1867;Filtu District;;;;;;;;;;;;;x
HMG_1870;Kismayo Province;;;;;;;;;;;;;x
HMG_1877;Portuguese Guinea;;;;;;;;;;;;;x
HMG_1895;Ghana;;;;;;;;;;;;;x
HMG_1901;Wagadugu District;;;;;;;;;;;;;x
HMG_1902;Dori District;;;;;;;;;;;;;x
HMG_1908;Gold Coast Province;;;;;;;;;;;;;x
HMG_1923;Yoruba States;;;;;;;;;;;;;x
HMG_1928;Benin District;;;;;;;;;;;;;x
HMG_1929;Ode District;;;;;;;;;;;;;x
HMG_1953;Ngaoundere District;;;;;;;;;;;;;x
HMG_1955;Fernando Po;;;;;;;;;;;;;x
HMG_1977;Nkuna District;;;;;;;;;;;;;x
HMG_2025;Kisumu District;;;;;;;;;;;;;x
HMG_2053;Zambezia;;;;;;;;;;;;;x
HMG_2074;Gaborone District;;;;;;;;;;;;;x
HMG_2132;South Georgia;;;;;;;;;;;;;x
HMG_2158;Aguascalientes Province;;;;;;;;;;;;;x
HMG_2159;San Luis Potosi Province;;;;;;;;;;;;;x
HMG_2161;Jalisco Province;;;;;;;;;;;;;x
HMG_2165;Chiapas Province;;;;;;;;;;;;;x
HMG_2171;Michoacan Province;;;;;;;;;;;;;x
HMG_2172;Morelos Province;;;;;;;;;;;;;x
HMG_2173;Tlaxcala de Xicohtencatl Province;;;;;;;;;;;;;x
HMG_2174;Mexico;;;;;;;;;;;;;x
HMG_2183;Yucatan;;;;;;;;;;;;;x
HMG_2184;San Francisco de Campeche Province;;;;;;;;;;;;;x
HMG_2197;Nicaraguan Pacific Coast;;;;;;;;;;;;;x
HMG_2200;Mosquito Coast;;;;;;;;;;;;;x
HMG_2213;Haiti;;;;;;;;;;;;;x
HMG_2217;Jamaica;;;;;;;;;;;;;x
HMG_2224;Antigua and Barbuda;;;;;;;;;;;;;x
HMG_2247;Cundinamarca;;;;;;;;;;;;;x
HMG_2252;Magdalena;;;;;;;;;;;;;x
HMG_2280;Santiago de Guayaquil Province;;;;;;;;;;;;;x
HMG_2283;Loreto;;;;;;;;;;;;;x
HMG_2333;Magallanes;;;;;;;;;;;;;x
HMG_2368;San Felipe y Santiago de Lerma en el Valle de Salta Province;;;;;;;;;;;;;x
HMG_2396;Santa Cruz Territory;;;;;;;;;;;;;x
HMG_2402;Para Province;;;;;;;;;;;;;x
HMG_2408;Amapa Territory;;;;;;;;;;;;;x
HMG_2447;Rio de Janeiro Province;;;;;;;;;;;;;x
HMG_2454;Fiji;;;;;;;;;;;;;x
HMG_2508;Oakland Province;;;;;;;;;;;;;x
HMG_2510;Wellington Province;;;;;;;;;;;;;x
HMG_2520;Northern Polynesia;;;;;;;;;;;;;x
HMG_2523;Gilbert & Ellice Islands;;;;;;;;;;;;;x
HMG_2540;Tonga;;;;;;;;;;;;;x
HMG_2544;American Samoa;;;;;;;;;;;;;x
HMG_2566;Lushai Hills;;;;;;;;;;;;;x
HMG_2592;Fort Chimo Province;;;;;;;;;;;;;x
HMG_2595;Frobisher Bay Province;;;;;;;;;;;;;x
HMG_2640;Makran;;;;;;;;;;;;;x
HMG_2654;Northern Yeniseysk;;;;;;;;;;;;;x
HMG_3249;Northern Mainland Zhili;;;;;;;;;;;;;x
HMG_3255;East Thuringia;;;;;;;;;;;;;x
HMG_3303;Altenburg Province;;;;;;;;;;;;;x
HMG_3336;Khairpur Princely State;;;;;;;;;;;;;x
HMG_3338;Kathiawar Princely States;;;;;;;;;;;;;x
HMG_3399;Mitau and Selburg District;;;;;;;;;;;;;x
HMG_3558;Funny River Province;;;;;;;;;;;;;x
HMG_3867;Senja and Tromso;;;;;;;;;;;;;x
HMG_3926;Kretinga District;;;;;;;;;;;;;x
HMG_4011;Tarn Prefecture;;;;;;;;;;;;;x
HMG_4095;Braunschweig;;;;;;;;;;;;;x
HMG_4147;Jagst District;;;;;;;;;;;;;x
HMG_4169;Graubunden Canton;;;;;;;;;;;;;x
HMG_4280;Nervi Province;;;;;;;;;;;;;x
HMG_4328;Gornji Prozor Province;;;;;;;;;;;;;x
HMG_4608;Kabardino-Balkaria County;;;;;;;;;;;;;x
HMG_4848;Gujarat;;;;;;;;;;;;;x
HMG_5088;Chahar Province;;;;;;;;;;;;;x
HMG_6357;Jan Mayen;;;;;;;;;;;;;x
HMG_6506;Hlybokaye District;;;;;;;;;;;;;x
HMG_6581;Scottish Highlands Province;;;;;;;;;;;;;x
HMG_6657;Petsamo District;;;;;;;;;;;;;x
HMG_6670;Vadso District;;;;;;;;;;;;;x
HMG_6778;Narvik Province;;;;;;;;;;;;;x
HMG_6781;Sortland Province;;;;;;;;;;;;;x
HMG_7365;Mindanao;;;;;;;;;;;;;x
