HAVE_MILITARY_SCORE_LESS_THAN;군사점이 다음보다 낮음:;Have a lower Military Score than: ;;;;;;;;;;;;x;
STRATA_NEED_LESS_THAN;수요 충족률이 다음보다 낮은 계층:;Needs fulfilled at less than;;;;;;;;;;;;x;
STRATA_NEED_MORE_THAN;수요 충족률이 최소 다음인 계층:;Needs fulfilled at least;;;;;;;;;;;;x;
HAVE_LESS_POPS_WANTING_POLITICAL_REFORM_THAN;정치 개혁을 원하는 인구가 $VAL$ 미만입니다.;Less than $VAL$ want political reform.;;;;;;;;;;;;x;
HAVE_MORE_POPS_WANTING_POLITICAL_REFORM_THAN;정치 개혁을 원하는 인구가 최소 $VAL$명임.;At least $VAL$ want political reform.;;;;;;;;;;;;x;
HAVE_LESS_POPS_WANTING_SOCIAL_REFORM_THAN;사회 개혁을 원하는 인구가 $VAL$ 미만입니다.;Less than $VAL$ want social reform.;;;;;;;;;;;;x;
HAVE_MORE_POPS_WANTING_SOCIAL_REFORM_THAN;사회 개혁을 원하는 인구가 최소 $VAL$명임.;At least $VAL$ want social reform.;;;;;;;;;;;;x;
TECH_DAILY_LEADERSHIP_BASE_TOOLTIP;월간 기본 지휘력: 쬨$VALUE$쬦;Monthly base leadership: §$VALUE$§;;;;;;;;;;;;x;
TECH_DAILY_LEADERSHIP_TOTAL_TOOLTIP;____________________________________\n월간 지휘력: 쬒+$VALUE$쬦;Monthly leadership: §+$VALUE$§;;;;;;;;;;;;x;
TECH_DAILY_LEADERSHIP_TOOLTIP;$POPTYPE$(은)는 쬒$VALUE$쬦의 통솔치를 가져옵니다.\n (쬨$FRACTION$%쬦는 인구로부터, $OPTIMAL$%는 정책등에서.);$POPTYPE$ provide §$VALUE$§ leadership.\n (§$FRACTION$%§ of the population, $OPTIMAL$% is optimal.);;;;;;;;;;;;x;
MODIFIER_CORE_POP_MILITANCY_MODIFIER;비식민지 POP 투쟁성;Militancy in Non-Colonial;;;;;;;;;;;;x;
MODIFIER_CORE_POP_CONSCIOUSNESS_MODIFIER;비식민지 POP 의식;Consciousness in Non-Colonial;;;;;;;;;;;;x;
MODIFIER_NON_ACCEPTED_POP_MILITANCY_MODIFIER;미수용 문화 POP 투쟁성;Militancy for Non-Accepted;;;;;;;;;;;;x;
MODIFIER_NON_ACCEPTED_POP_CONSCIOUSNESS_MODIFIER;미수용 문화 POP 의식;Consciousness for Non-Accepted;;;;;;;;;;;;x;
EVTNAME23212;혜성 발견;Comet Sighted;;;;;;;;;;;;x;
EVTDESC23212;하늘에 혜성이 나타났습니다. 어떤 이들은 이것이 앞으로 닥칠 불운의 전조라고 믿습니다. 또 어떤 이들은 이것이 사실 하늘을 떠다니는 요정들이라고 믿습니다. 한편, 이 혜성이 아마도 하늘을 떠다니는 거대한 얼음 덩어리이며, 긴 꼬리는 태양의 에너지로 인해 만들어진 것이라고 믿는 이들도 있습니다. 이 세 가지 유력한 가설 사이의 논쟁이 우리 나라의 지식 탐구 열망을 자극하고 있습니다.;A Comet was sighted in the sky, some believe that this portends fell times ahead. Others believe that they are in fact pixie fairies floating in the sky. There are also those who believe that this comet is most probably a giant ball of ice floating through the sky and the long tail is created due to the energy of the sun. The arguments amongst the three equally viable theories is stimulating the pursuit of knowledge in our country.;;;;;;;;;;;;x;
EVTOPTA23212;이런 계몽의 시대에 살고 있음에 신께 감사한다;Thank God we live in such enlightened times;;;;;;;;;;;;x;
EVTNAME60140;헌법 제정 회의;Constitutional Convention;;;;;;;;;;;;x;
EVTDESC60140;자유주의 정권이 국가의 실권을 확고히 잡으면서, 이제야말로 제헌 의회를 소집할 때라고 판단하고 있습니다. 국가의 진로를 결정할 이 새로운 모임에는 모든 이의 견해, 적어도 실질적인 영향력을 가진 모든 이의 견해가 반영될 것입니다.;With the liberals firmly in control of our country, they feel that now is the time for a constitutional convention. Everyone's views, well at least everyone who truly matters, will be represented in this new gathering to shape the path of our nation.;;;;;;;;;;;;x;
EVTOPTA60140;그렇지 않으면 사람들이 이 상황을 악용할 것이다.;Otherwise people would exploit the situation;;;;;;;;;;;;x;
become_guatemala_title;과테말라 수립;Become Guatemala;;;;;;;;;;;;x;
BUDGET_STOCKPILE_YESTERDAYS;어제 구입한 비축품:;Yesterdays purchases for stockpile:;;;;;;;;;;;;x;
become_guatemala_desc;중앙 아메리카 통일의 꿈은 끊겼습니다. 다른 주들는 과테말라에 의한 지배 생각할뿐 우리가 연합을 존속시키기 위해 계속 지불하는 희생을 향하자는하지 않습니다. 우리는 더 이상 그들과 동행 할 수 없습니다.  과테말라는 자신의 운명을 찾아 낼 수 있을 것입니다.;The dream of a united Central America has died. The other provinces were too concerned about being dominated by Guatemala to realise the sacrifices we had made to keep the union alive. Well no more. We are done with them. Guatemala will find its own destiny.;;;;;;;;;;;;x;
LAG_PAUSE;$PLAYER$의 연결 상태가 불안정하여 게임을 일시 정지합니다.;$PLAYER$ is lagging behind, pausing game.;;;;;;;;;;;;x;
LAG_DECREASE_SPEED;$PLAYER$의 연결 상태가 불안정하여 속도를 줄입니다.;$PLAYER$ is lagging behind, decreasing speed.;;;;;;;;;;;;x;
PAUSED_BY;쬨$PLAYER$쬦님이 게임을 일시 중지했습니다.;§$PLAYER$§ paused the game.;;;;;;;;;;;;x;
WARGOAL_OTHER_ACCEPT_SETUP;타국이 전쟁 중 전쟁 목표를 추가했을 때.;When a nation adds a wargoal in a war.;;;;;;;;;;;;x;
WARGOAL_THEY_ACCEPT_SETUP;우리가 타국에 대해 전쟁 목표를 추가했을 때.;When we add a wargoal against another nation.;;;;;;;;;;;;x;
WARGOAL_WE_ACCEPT_SETUP;타국이 우리에 대해 전쟁 목표를 추가했을 때.;When a nation adds a wargoal against us..;;;;;;;;;;;;x;
status_quo_setup;우리의 희망은 현상을 유지하기 만하면됩니다;;;;;;;;;;;;x;
GUNBOAT_OTHER_ACCEPT_LOG;$ACTOR$ (이)가 포함외교를 통해 $RECIPIENT$ (으)로 하여금 채무를 상환하도록 강제하고 있습니다!;$ACTOR$ is using gunboats to force $RECIPIENT$ to pay their debt!;;;;;;;;;;;;x;
GUNBOAT_THEY_ACCEPT_LOG;우리는 포함외교를 통해 $RECIPIENT$(이)가 채무를 상환하도록 강제하고 있습니다!;We are using gunboats to force $RECIPIENT$ to pay their debt!;;;;;;;;;;;;x;
GUNBOAT_WE_ACCEPT_LOG;$ACTOR$(은)는 포함외교를 통해 우리의 채무 상환을 강제하고 있습니다!;$ACTOR$ is using gunboats to force us to pay back our debt!;;;;;;;;;;;;x;
