UNIT_BUILD_TIME_IW;$VAL$일;$VAL$ days.;;;;;;;;;;;;x;
SUPPLY_OWNER;소유국:;Owner:;;;;;;;;;;;;x;
SUPPLY_ALLIED;동맹국:;Allied:;;;;;;;;;;;;x;
SUPPLY_ACCESS;군사 통행권:;Military Access:;;;;;;;;;;;;x;
SUPPLY_CONTROLLER;통제국:;Controlled:;;;;;;;;;;;;x;
SUPPLY_CONTROLLER_ALLIANCE;동맹국이 통제 중:;Controlled by an ally:;;;;;;;;;;;;x;
SUPPLY_SIEGE;포위 중:;Is besieging:;;;;;;;;;;;;x;
SUPPLY_CORE;핵심 주:;Core:;;;;;;;;;;;;x;
fascist_uh;파시스트들은 사회 개혁 확대와 정치 개혁 철회를 지지하지만, 집권당이 파시스트가 아닌 동안에는 모든 개혁에 반대합니다.;Fascists support the extension of social reform, and the removal of political reform, but will oppose any reform as long as the ruling party is not Fascist.;;;;;;;;;;;;x;
reactionary_uh;반동주의자들은 언제나 정치 개혁과 사회 개혁을 모두 되돌리려 합니다.;Reactionaries always attempt to roll back both political and social reforms.;;;;;;;;;;;;x;
conservative_uh;보수주의자들은 현상 유지를 선호하지만 투쟁성이 높을 때에는 개혁을 지지할 수 있습니다.;Conservatives prefer the status-quo, but may back reforms under conditions of high militancy.;;;;;;;;;;;;x;
socialist_uh;사회주의자들은 사회 개혁 확대를 원하며, 투쟁성이 높을 때에는 정치 개혁도 지지할 수 있습니다.;Socialists want to see the enactment of further social reforms, but may back political reforms under conditions of high militancy.;;;;;;;;;;;;x;
communist_uh;공산주의자들은 사회 개혁을 시행하고 정치 개혁은 되돌리기를 원합니다.;Communists want to enact social reforms, but want to see political reforms rolled back.;;;;;;;;;;;;x;
liberal_uh;자유주의자들은 정치 개혁 확대를 원하며, 투쟁성이 높을 때에는 사회 개혁도 지지합니다.;Liberals want to enact further political reforms, but will also support social reform under conditions of high militancy.;;;;;;;;;;;;x;
anarcho_liberal_uh;급진주의자들은 정치 개혁 확대를 원하고 사회 개혁을 지지할 수도 있지만, 추가 개혁에는 결코 찬성하지 않습니다.;Anarcho-Liberals want to see social reforms rolled back, and will never support further reforms of any kind.;;;;;;;;;;;;x;
RP_ACCUMULATED;현재 사용되지 않은 연구 포인트가 쬨$VAL$쬦만큼 축적되었습니다.;We have accumulated ?$VAL$? research points that are currently unused.;;;;;;;;;;;;x;
WEGAINCB_SETUP;전쟁 명분을 획득했을 때;When we gain a Casus Belli;;;;;;;;;;;;x;
WEGAINCB_HEADER;$MONARCHTITLE$;$MONARCHTITLE$;;;;;;;;;;;;x;
WEGAINCB_1;전쟁 명분;Casus Belli;;;;;;;;;;;;x;
WEGAINCB_2;다음의 전쟁 명분을;We have gained the;;;;;;;;;;;;x;
WEGAINCB_3;$ENEMY$ 대한;$CASUS$' Casus Belli;;;;;;;;;;;;x;
WEGAINCB_4;대(對);against;;;;;;;;;;;;x;
WEGAINCB_5;"$CASUS$";$ENEMY$;;;;;;;;;;;;x;
WEGAINCB_6;$DESC$;$DESC$;;;;;;;;;;;;x;
WEGAINCB_LOG;우리나라 다음 명목으로 $ENEMY$ 대한 개전 사유를 얻었습니다 : '$CASUS$';We gained the '$CASUS$' Casus Belli against $ENEMY$.;;;;;;;;;;;;x;
WEGAINCB_BTN1;확인;OK;;;;;;;;;;;;x;
WEGAINCB_BTN2;확인;OK;;;;;;;;;;;;x;
WEGAINCB_BTN3;이동;Goto;;;;;;;;;;;;x;
WEGAINCB_MAP;*;*;;;;;;;;;;;;x;
NORMAL_WAR_FREE_NAME;$ORDER$$COUNTRY$ 해방 전쟁;$ORDER$$FIRST$ War of $COUNTRY_ADJ$ Freedom;;;;;;;;;;;;x;
AGRESSION_WAR_FREE_NAME;$ORDER$$COUNTRY$ 해방 전쟁;$ORDER$$FIRST$ War of Propping up $COUNTRY$;;;;;;;;;;;;x;
NORMAL_WAR_COLONIAL_NAME;$ORDER$$STATE$ 식민지 전쟁;$ORDER$$FIRST$ Colonial Conquest of $STATE$;;;;;;;;;;;;x;
AGRESSION_WAR_COLONIAL_NAME;$ORDER$$STATE$ 식민지 전쟁;$ORDER$$FIRST$ Colonial War for $STATE$;;;;;;;;;;;;x;
NORMAL_WAR_TAKE_NAME;$ORDER$$STATE$ 정복 전쟁;$ORDER$$FIRST$ Conquest of $STATE$;;;;;;;;;;;;x;
AGRESSION_WAR_TAKE_NAME;$ORDER$$STATE$ 정복 전쟁;$ORDER$$FIRST$ War of $STATE$;;;;;;;;;;;;x;
NORMAL_WAR_TAKE_CORE_NAME;$ORDER$$STATE$ 수복 전쟁;$ORDER$$FIRST$ Liberation of $STATE$;;;;;;;;;;;;x;
AGRESSION_WAR_TAKE_CORE_NAME;$ORDER$$STATE$ 수복 전쟁;$ORDER$$FIRST$ Aggression for $STATE$;;;;;;;;;;;;x;
NORMAL_WAR_TAKE_SPHERE_NAME;$ORDER$$COUNTRY$ 세력권 쟁탈 전쟁;$ORDER$$COUNTRY$ War;;;;;;;;;;;;x;
AGRESSION_WAR_TAKE_SPHERE_NAME;$ORDER$$COUNTRY$ 세력권 쟁탈 전쟁;$ORDER$$FIRST$-$SECOND$ War over $COUNTRY$;;;;;;;;;;;;x;
NORMAL_WAR_ADD_SPHERE_NAME;$ORDER$$SECOND_COUNTRY$ 세력권 편입 전쟁;$ORDER$War of $SECOND$ Submission;;;;;;;;;;;;x;
AGRESSION_WAR_ADD_SPHERE_NAME;$ORDER$$SECOND_COUNTRY$ 세력권 편입 전쟁;$ORDER$War of $SECOND$ Subjugation;;;;;;;;;;;;x;
NORMAL_CIVIL_WAR_NAME;$ORDER$$FIRST_COUNTRY$ 내전;$ORDER$$FIRST$ Civil War;;;;;;;;;;;;x;
AGRESSION_CIVIL_WAR_NAME;$ORDER$$FIRST_COUNTRY$ 내전;$ORDER$$FIRST$ Civil War;;;;;;;;;;;;x;
NORMAL_WAR_CONQUEST_NAME;$ORDER$$SECOND_COUNTRY$ 정복 전쟁;$ORDER$Conquest of $SECOND$ War;;;;;;;;;;;;x;
AGRESSION_WAR_CONQUEST_NAME;$ORDER$$SECOND_COUNTRY$ 정복 전쟁;$ORDER$War of $FIRST$ Aggression against $SECOND_COUNTRY$;;;;;;;;;;;;x;
ADJ_FORT_EXTRA_ATTR;적대적인 인접 요새로부터 쬟+$VAL$%쬦 추가.;And ?+$VAL$%? from hostile adjacent forts.;;;;;;;;;;;;x;
IS_NOT_ACCEPTED_CULTURE_POP;수용된 문화에 속하지 않음.\n;does not belong to an accepted culture.\n;;;;;;;;;;;;x;
IS_ACCEPTED_CULTURE_POP;수용된 문화에 속합니다.\n;belong to an accepted culture.\n;;;;;;;;;;;;x;
IS_NOT_PRIMARY_CULTURE_POP;쬨$NAME$쬦\n (이)가 아님;Is not ?$NAME$?\n;;;;;;;;;;;;x;
IS_PRIMARY_CULTURE_POP;쬨$NAME$쬦\n입니다;Is ?$NAME$?\n;;;;;;;;;;;;x;
NEW_CORE_EFFECT_TAG2;$TAG$(은)는 쬨$NEW$쬦을(를) 핵심 주로 획득합니다.\n;$TAG$ will gain ?$NEW$? as core.\n;;;;;;;;;;;;x;
digin;참호;Dig-In;;;;;;;;;;;;x;
terrain;지형;Terrain;;;;;;;;;;;;x;
crossing;도하 중;Crossing;;;;;;;;;;;;x;
total_occupation;점령된 본국 프로빈스;Occupied Home Provinces;;;;;;;;;;;;x;
total_blockaded;봉쇄된 본국 항구;Blockaded Home Ports;;;;;;;;;;;;x;
PW_SLAVE_STATE;노예 주;Slave State;;;;;;;;;;;;x;
CURR_REL_TT;현재 관계입니다.;Our current relations.;;;;;;;;;;;;x;
great_power;열강;Great Power;;;;;;;;;;;;x;
second_power;지역 강국;Secondary Power;;;;;;;;;;;;x;
civ_nation;소강국;Civilized Nation;;;;;;;;;;;;x;
unciv_nation;비문명국;Uncivilized Nation;;;;;;;;;;;;x;
REB_TYPE_SIZE;?반란지지?;?Rebel Support?;;;;;;;;;;;;x;
REB_TYPE_POWER;?반란 세력?;?Rebel Power?;;;;;;;;;;;;x;
PRODUCTION_MUST_PORT_ONLY;항구에서만 생산됩니다.\n;Only produced in ports.\n;;;;;;;;;;;;x;
POPULATION_CHANGED_BY;인구 변동 원인:;Population changed by;;;;;;;;;;;;x;
COMBAT_LEADER_MOD;지휘관;Leader;;;;;;;;;;;;x;
POLITICS_CANNOT_SET_RULING_PARTY_IN_ELECTION;선거 도중에는 집권당을 변경할 수 없습니다.;It is not possible to switch ruling parties in the middle of an election.;;;;;;;;;;;;x;
IS_NOT_OVERSEAS;해외에 없음;Is NOT overseas;;;;;;;;;;;;x;
IS_OVERSEAS;해외에 있습니다;Is overseas;;;;;;;;;;;;x;
SHIP_SUB_NAME;제$NUM$ $HOME$ $TYPE$;$NUM$$ORDER$ $HOME$ $TYPE$;;;;;;;;;;;;x;
FOLLOWING_HAVE_CLAIMS;다음 국가들이 이곳에 영유권을 주장하고 있습니다.;The following countries have claims here.;;;;;;;;;;;;x;
COUNTRY_IS_NOT_CULTURE;주문화 아님:;Primary Culture is NOT;;;;;;;;;;;;x;
COUNTRY_IS_CULTURE;주문화:;Primary Culture is;;;;;;;;;;;;x;
NO_ASSIM_NOW;현재 동화 진행 없음;No Current Assimilation;;;;;;;;;;;;x;
MODIFIER_LOCAL_REPAIR;함선 수리 속도;Ship Repair Speed;;;;;;;;;;;;x;
BADBOY_DRO_1;월간 악명 변화: \n;Monthly Infamy Change:\n;;;;;;;;;;;;x;
REGIMENT_SIZE;현재 규모: 쬨$SIZE$쬦\n;Current Size: ?$SIZE$?\n;;;;;;;;;;;;x;
CURRENT_MORALE;조직력: 쬨$SIZE$쬦 / $MAX$.\n;Organisation: ?$SIZE$? of $MAX$.\n;;;;;;;;;;;;x;
SUPPLY_COST;보급 비용;Supply Costs;;;;;;;;;;;;x;
ALL_CORE_PROVINCE_THAT;모든 핵심 프로빈스에 대해 \n;For all core provinces ;;;;;;;;;;;;x;
BREAKCOUNTRY_SETUP;반란 세력이 본국에서 요구 사항을 관철했을 때;When a rebel faction enforces its demands in our nation;;;;;;;;;;;;x;
BREAKCOUNTRY_HEADER;$CAPITAL$발 보고;Report from $CAPITAL$;;;;;;;;;;;;x;
BREAKCOUNTRY_1;$FACTION$ 승리!;$FACTION$ Win!;;;;;;;;;;;;x;
BREAKCOUNTRY_2;$MONARCHTITLE$, $FACTION$이(가) 요구 사항을 강제 집행했습니다!;$MONARCHTITLE$, the $FACTION$ have enforced their demands!;;;;;;;;;;;;x;
BREAKCOUNTRY_3;자신들의 요구를 실현하도록 요구하고 있습니다!;*;;;;;;;;;;;;x;
BREAKCOUNTRY_4;우리는이 요구를 받아 들일 수밖에 없습니다;$EFFECTS$;;;;;;;;;;;;x;
BREAKCOUNTRY_5;$EFFECTS$;*;;;;;;;;;;;;x;
BREAKCOUNTRY_6;*;*;;;;;;;;;;;;x;
BREAKCOUNTRY_LOG;$FACTION$이(가) 요구 사항을 관철했습니다!;$FACTION$ enforce their demands!;;;;;;;;;;;;x;
BREAKCOUNTRY_BTN1;끔찍하군!;Horror!;;;;;;;;;;;;x;
BREAKCOUNTRY_BTN2;끔찍하군!;Horror!;;;;;;;;;;;;x;
BREAKCOUNTRY_BTN3;이동;Goto;;;;;;;;;;;;x;
BREAKCOUNTRY_MAP;*;*;;;;;;;;;;;;x;
BREAKCOUNTRYOTHER_SETUP;반란 세력이 타국에서 요구 사항을 관철했을 때;When a rebel faction enforces its demands in another nation;;;;;;;;;;;;x;
BREAKCOUNTRYOTHER_HEADER;주재 대사 보고;Ambassador from;;;;;;;;;;;;x;
BREAKCOUNTRYOTHER_1;$OTHER$;$OTHER$;;;;;;;;;;;;x;
BREAKCOUNTRYOTHER_2;$FACTION$이(가) 요구 사항을 관철했습니다;$FACTION$ have enforced their demands in;;;;;;;;;;;;x;
BREAKCOUNTRYOTHER_3;$OTHER$하고;$OTHER$;;;;;;;;;;;;x;
BREAKCOUNTRYOTHER_4;자신들의 요구를 실시했습니다;$EFFECTS$;;;;;;;;;;;;x;
BREAKCOUNTRYOTHER_5;$EFFECTS$;*;;;;;;;;;;;;x;
BREAKCOUNTRYOTHER_6;*;*;;;;;;;;;;;;x;
BREAKCOUNTRYOTHER_LOG;$FACTION$이(가) $OTHER$에서 요구 사항을 관철했습니다!;$FACTION$ enforce their demands in $OTHER$!;;;;;;;;;;;;x;
BREAKCOUNTRYOTHER_BTN1;확인;OK;;;;;;;;;;;;x;
BREAKCOUNTRYOTHER_BTN2;확인;OK;;;;;;;;;;;;x;
BREAKCOUNTRYOTHER_BTN3;이동;Goto;;;;;;;;;;;;x;
BREAKCOUNTRYOTHER_MAP;*;*;;;;;;;;;;;;x;
INVENTION_SETUP;발명이 이루어졌을 때.;When you have gained an invention.;;;;;;;;;;;;x;
INVENTION_HEADER;보고서:;Reports on;;;;;;;;;;;;x;
INVENTION_1;중요한 발견;Major Discovery;;;;;;;;;;;;x;
INVENTION_2;국내 과학자들이 다음을 발견했습니다;Scientists in our country have discovered;;;;;;;;;;;;x;
INVENTION_3;$INVENTION$(을)를 발명했습니다;$INVENTION$;;;;;;;;;;;;x;
INVENTION_4;$DESC$;$DESC$;;;;;;;;;;;;x;
INVENTION_5;효과:;EFFECT:;;;;;;;;;;;;x;
INVENTION_6;$EFFECT$;$EFFECT$;;;;;;;;;;;;x;
INVENTION_LOG;$INVENTION$의 작동 원리를 발견했습니다.;We have discovered how $INVENTION$ works.;;;;;;;;;;;;x;
INVENTION_BTN1;확인;OK;;;;;;;;;;;;x;
INVENTION_BTN2;확인;OK;;;;;;;;;;;;x;
INVENTION_BTN3;상세;Details;;;;;;;;;;;;x;
INVENTION_MAP;*;*;;;;;;;;;;;;x;
revanchism;보복주의;Revanchism;;;;;;;;;;;;x;
plurality;정부 안정성;Plurality;;;;;;;;;;;;x;
TOPBAR_LEADERSHIP_GAIN_TOOLTIP;매월 장교들로부터 쬨$CURR$쬦의 통솔력을 얻습니다.;We gain ?$CURR$? leadership from our officers each month.;;;;;;;;;;;;x;
UW_AASIGN;지휘관 자동 임명;Autoassign Leaders;;;;;;;;;;;;x;
ATTR_SAFE_RANGE;보급함의 범위 내에 있거나 해안 근처에 있는 함대는 소모를 겪지 않습니다.;A Fleet in range of supply ships, and near a coast will not take any attrition.;;;;;;;;;;;;x;
TECHNOLOGYVIEW_HAVE_NOT_YEAR;쬨$YEAR$쬦 이전에는 이 연구를 시작할 수 없습니다.;;It is not possible to start researching this before ?$YEAR$?.;;;;;;;;;;;;x;
ENCOURAGEMENT_FOR;장려 대상:;Encouragement for ;;;;;;;;;;;;x;
IS_NOT_PRIMARY_CULTURE;쬨$NAME$쬦 (은)는 주문화가 아님.\n;?$NAME$? is NOT primary culture.\n;;;;;;;;;;;;x;
IS_PRIMARY_CULTURE;;?$NAME$?는 핵심 문화입니다.\n;?$NAME$? is primary culture.\n;;;;;;;;;;;;x;
IS_NOT_ACCEPTED_CULTURE2;쬨$NAME$쬦은(는) 수용된 문화가 아니다.\n;?$NAME$? is NOT an accepted culture.\n;;;;;;;;;;;;x;
IS_ACCEPTED_CULTURE2;쬨$NAME$쬦은(는) 수용된 문화입니다.\n;?$NAME$? is an accepted culture.\n;;;;;;;;;;;;x;
ALL_COUNTRIES_EFF;모든 국가;All countries;;;;;;;;;;;;x;
ALL_COUNTRIES_THAT_EFF;다음 조건에 해당하는 모든 국가:;All countries that;;;;;;;;;;;;x;
GETTING_ONLY_NEEDS;$NEED$만 획득 중: 쬨$VAL$%쬦;Getting only $NEED$: ?$VAL$%?;;;;;;;;;;;;x;
tutorial_chapter_introduction;소개 종료.;End of Introduction.;;;;;;;;;;;;x;
tutorial_end_of_chapter;튜토리얼 장 종료;End of Tutorial Chapter;;;;;;;;;;;;x;
ISSUE_MOVE_EFFECT; ?$PERCENTAGE$%?의 인구가 ?FROM? 에서 ?TO?로 의견을 바꿉니다;?$PERCENTAGE$%? of pops move from ?FROM? to ?TO?;;;;;;;;;;;;x;
ADD_WARGOAL_EFFECT;이 전쟁 목표를 추가하면 다음을 얻습니다:;When we add this war goal, we will gain:;;;;;;;;;;;;x;
ADD_WARGOAL_SUCCESS;이 전쟁 목표를 달성하면 다음을 얻습니다:;If we achive this war goal, we will gain:;;;;;;;;;;;;x;
ADD_WARGOAL_FAILURE;이 전쟁 목표를 달성하지 못하면 다음을 얻습니다:;If we fail to achive this war goal, we will gain:;;;;;;;;;;;;x;
WARDIALOG_TRUCE;휴전:;Truce: ;;;;;;;;;;;;x;
WARDIALOG_NOCB;전쟁 명분 없음:;No casus belli: ;;;;;;;;;;;;x;
DIPLOMACY_INFAMY2;악명: $VALUE$;Infamy: $VALUE$;;;;;;;;;;;;x;
DIPLOMACY_PRESTIGE2;위신: $VALUE$;Prestige: $VALUE$;;;;;;;;;;;;x;
DIPLOMACY_MILITANCY2;투쟁성: $VALUE$;Militancy: $VALUE$;;;;;;;;;;;;x;
REMOVE_DIPLOMACY_WARDIALOG_ALLIES;?$COUNTRY$?는 다음의 동맹국이 있습니다:;?$COUNTRY$? has the following allies:;;;;;;;;;;;;x;
REMOVE_DIPLOMACY_WARDIALOG_NUM_ALLIES;?$COUNTRY$?는 ?$NUM$?개의 동맹국이 존재합니다;?$COUNTRY$? has ?$NUM$? allies;;;;;;;;;;;;x;
DIPLOMACY_WAR_HASTRUCE;쬟우리는 쬨$COUNTRY$쬟와(과) 쬨$DATE$쬟까지 휴전 상태입니다. 이들에게 전쟁을 선포하면 국제 위신에 큰 타격을 입게 됩니다.;?We have a truce with ?$COUNTRY$? until ?$DATE$?. Declaring war on them cause a significant hit to our international prestige;;;;;;;;;;;;x;
REMOVE_DIPLOMACY_DAILYINFLULENCE_GAIN;우리나라는 매일 ?$NUM$?의 영향을 ?$COUNTRY$?에주고 있습니다;We gain ?$NUM$? influence in ?$COUNTRY$? each day;;;;;;;;;;;;x;
tutorial_chapter_budget_victoria;예산 튜토리얼 중간 단계 종료;End of the Intermediary Budget Tutorial;;;;;;;;;;;;x;
NO_RELEASEABLE_NATIONS;주권을 부여할 수 있는 국가가 없습니다.;We have no nations that we can grant sovereignty;;;;;;;;;;;;x;
DIPLOMACY_CALL_ALLIES_NOT_LEADER;우리는 이 전쟁의 주도국이 아니므로 동맹군에게 참전을 요청할 수 없습니다;We are not a leader of this war and cannot call our allies into it;;;;;;;;;;;;x;
LEDGER_NEXT;다음;Next;;;;;;;;;;;;x;
LEDGER_PREV;이전;Previous;;;;;;;;;;;;x;
MEC_544;슐레스비히-홀슈타인;Schleswig-Holstein;;;;;;;;;;;;x;
COUNTRYALERT_CanIncreaseOpinion;타국의 쬨관계 개선쬦을(를) 수행하거나, 타국을 우리의 쬨영향권쬦에 추가할 수 있습니다:;We can ?Increase Opinion? of our nation or add nations to our ?Sphere of Influence?:;;;;;;;;;;;;x;
COUNTRYALERT_NO_CanIncreaseOpinion;타국의 호감도를 높이거나 우리 쬨영향권쬦에 국가를 추가할 수 없습니다;We cannot increase the opinion of our nation or add nations to our ?Sphere of Influence?;;;;;;;;;;;;x;
COLONY_SUCCESS_LOG;$TARGET$(을)를 성공적으로 식민지화했습니다.;We successfully colonized $TARGET$.;;;;;;;;;;;;x;
COLONY_FAIL_LOG;$OTHER$(이)가 우리보다 먼저 $TARGET$(을)를 식민지화했습니다.;$OTHER$ managed to to colonize $TARGET$ before us.;;;;;;;;;;;;x;
american_cultures;미국 문화들;American Cultures;;;;;;;;;;;;x;
CANT_USE_LAST_WAR_GOALS;이 전쟁 목표를 선택하면 전쟁이 종료됩니다. 이는 전쟁 주도국과의 평화 협정에서만 가능합니다.;Selecting this war goal would end the war and can only be done in a peace deal with the war leader;;;;;;;;;;;;x;
tut_6a_13;벨기에의 공업 생산력을 높이려면 더 많은 산업 노동자가 필요합니다. 직공 아이콘을 클릭하여 이 분야에 집중하십시오.;To improve Belgium's industrial production we need more industrial workers, click the craftsmen icon to set this focus.;;;;;;;;;;;;x;
DEN_251;남그린란드 감독관구;Iceland & Greenland;;;;;;;;;;;;x;
CANCELALLIANCE_THEY_ACCEPT_BTN2;확인;OK;;;;;;;;;;;;x;
CANCELALLIANCE_THEY_ACCEPT_BTN3;이동;Go to;;;;;;;;;;;;x;
tut_1b_19;이제 수동으로 장군을 임명하겠습니다. 스파에 있는 사단을 선택하십시오.;For now we are manually going to assign our General, go ahead and select your division in Spa.;;;;;;;;;;;;x;
TOPBAR_DEC_SPEED;속도 감소;Decrease Speed;;;;;;;;;;;;x;
fort;요새;Fort;;;;;;;;;;;;x;
fort_short;요새;Fort;;;;;;;;;;;;x;
TOPBAR_DEC_SPEED;속도 감소;Decrease Speed;;;;;;;;;;;;x;
IS_GREAT_NATION;열강이다;Is Great Power;;;;;;;;;;;;x;
NO_DEMOTION;이번 달에는 강등 대상이 없습니다.;There will be no demotions this month.;;;;;;;;;;;;x;
NO_PROMOTION;이번 달에는 승진 대상이 없습니다.;There will be no promotions this month.;;;;;;;;;;;;x;
INCREASEOPINION_THEY_ACCEPT_MAP;관계 개선됨;Opinion increased;;;;;;;;;;;;x;
INCREASEOPINION_WE_ACCEPT_MAP;관계 개선됨;Opinion increased;;;;;;;;;;;;x;
DECREASEOPINION_THEY_ACCEPT_MAP;관계도 하락;Opinion decreased;;;;;;;;;;;;x;
DECREASEOPINION_WE_ACCEPT_MAP;관계도 하락;Opinion decreased;;;;;;;;;;;;x;
ADDTOSPHERE_THEY_ACCEPT_MAP;영향권 편입됨;Added to Sphere;;;;;;;;;;;;x;
ADDTOSPHERE_WE_ACCEPT_MAP;영향권 편입됨;Added to Sphere;;;;;;;;;;;;x;
REMOVEFROMSPHERE_THEY_ACCEPT_MAP;영향권에서 이탈;Removed from sphere;;;;;;;;;;;;x;
REMOVEFROMSPHERE_WE_ACCEPT_MAP;영향권에서 이탈;Removed from sphere;;;;;;;;;;;;x;
INCREASERELATION_THEY_ACCEPT_MAP;관계 개선됨;Relation increased;;;;;;;;;;;;x;
INCREASERELATION_WE_ACCEPT_MAP;관계 개선됨;Relation increased;;;;;;;;;;;;x;
DECREASERELATION_THEY_ACCEPT_MAP;관계 악화;Relation decreased;;;;;;;;;;;;x;
DECREASERELATION_WE_ACCEPT_MAP;관계 악화;Relation decreased;;;;;;;;;;;;x;
WETARGET_DISCREDIT_MAP;명성 실추!;Discredited!;;;;;;;;;;;;x;
WETARGET_EXPELADVISORS_MAP;고문단 추방!;Advisors expelled!;;;;;;;;;;;;x;
WETARGET_BANEMBASSY_MAP;대사관 폐쇄!;Embassy banned!;;;;;;;;;;;;x;
WETARGET_DECREASEOPINION_MAP;호감도 하락!;Opinion decreased!;;;;;;;;;;;;x;
WETARGET_REMOVEFROMSPHERE_MAP;영향권 제외!;Removed from sphere!;;;;;;;;;;;;x;
womens_suffrage_movement;여성 참정권 운동;Womens Sufferage Movement;;;;;;;;;;;;x;
WAR_GOOD_RELATION;좋은 관계 (?$REL$?)과 평균적인 정치 의식(?$CON$?): ;Good relations(?$REL$?) and average consciousness(?$CON$?): ;;;;;;;;;;;;x;
make_slave;노예 주 생성;Create Slave State;;;;;;;;;;;;x;
make_free;자유 주 생성;Create Free State;;;;;;;;;;;;x;
POP_OTHER_CULT;기타;Other;;;;;;;;;;;;x;
BLOCKADED_PEACE;봉쇄됨;Blockaded;;;;;;;;;;;;x;
PRODUCTION_DESTROY_FACTORY_BECAUSE_TOOLTIP;다음과 같은 이유로 이 공장을 파괴할 수 있습니다:\n;We are allowed to destroy this factory because:\n;;;;;;;;;;;;x;
PRODUCTION_NOT_DESTROY_FACTORY_BECAUSE_TOOLTIP;다음과 같은 이유로 이 공장을 쬟철거할 수 없습니다쬦:\n;We are allowed to destroy this factory because:\n;;;;;;;;;;;;x;
RULE_DESTROY_FACTORY;공장 파괴;Destroy Factories;;;;;;;;;;;;x;
INCREASE_RELATION_MAX;다음 국가와의 관계를 더 이상 향상시킬 수 없습니다;We cannot get better relations with ;;;;;;;;;;;;x;
DECREASE_RELATION_MAX;다음 국가와의 관계를 더 이상 악화시킬 수 없습니다.;We cannot get worse relations with ;;;;;;;;;;;;x;
BANKRUPTCY_SETUP;국가가 파산했을 때;When we have a bankruptcy;;;;;;;;;;;;x;
BANKRUPTCY_HEADER;$MESSENGER$;$MESSENGER$;;;;;;;;;;;;x;
BANKRUPTCY_1;비참한 상황입니다!;A sad state of affairs!;;;;;;;;;;;;x;
BANKRUPTCY_2;결국 파산을 선언할 수밖에 없게 되었습니다.;We have been forced to declare bankrupcy.;;;;;;;;;;;;x;
BANKRUPTCY_3;모든 차입금은 탕감되었으나,;All our loans have been cleared,;;;;;;;;;;;;x;
BANKRUPTCY_4;이로 인해 국민들 사이에 큰 우려가 퍼졌으며;but this has caused great concern among our population;;;;;;;;;;;;x;
BANKRUPTCY_5;세계 무대에서 우리의 위신이 크게 추락했습니다.;and we have lost much prestige in the eyes of the world.;;;;;;;;;;;;x;
BANKRUPTCY_6;앞으로 은행들이 우리에게 자금을 대출하는 것을 더 주저하게 될 것입니다.;In the future banks will be more hesitant to loan us money.;;;;;;;;;;;;x;
BANKRUPTCY_LOG;국가가 파산했습니다.;We went bankrupt.;;;;;;;;;;;;x;
BANKRUPTCY_BTN1;좋지 않군;This is not good;;;;;;;;;;;;x;
THEY_BANKRUPTCY_SETUP;타국이 파산했을 때;another country has a bankruptcy;;;;;;;;;;;;x;
THEY_BANKRUPTCY_HEADER;$MESSENGER$;$MESSENGER$;;;;;;;;;;;;x;
THEY_BANKRUPTCY_1;국가 파산!;Bankruptcy!;;;;;;;;;;;;x;
THEY_BANKRUPTCY_2;$COUNTRY$달러;$COUNTRY$;;;;;;;;;;;;x;
THEY_BANKRUPTCY_3;파산을 선언할 수밖에 없게 되었습니다.;have been forced to declare bankrupcy.;;;;;;;;;;;;x;
THEY_BANKRUPTCY_4;*;*;;;;;;;;;;;;x;
THEY_BANKRUPTCY_5;*;*;;;;;;;;;;;;x;
THEY_BANKRUPTCY_6;*;*;;;;;;;;;;;;x;
THEY_BANKRUPTCY_LOG;$COUNTRY$(이)가 파산했습니다.;$COUNTRY$ went bankrupt.;;;;;;;;;;;;x;
THEY_BANKRUPTCY_BTN1;확인;Ok;;;;;;;;;;;;x;
LIT_CHANGE;월간 변경치;Monthly Change;;;;;;;;;;;;x;
precious_metal_desc;귀금속은 일반 상품처럼 판매 할 수 없지만 직접 자금으로 바뀝니다.;Precious Metals are not sold as normal goods but directly converted to money.;;;;;;;;;;;;x;
DIPLOMACY_CANNOT_SET_PRIO_BANNED;대사관이 추방되었기 때문에 이 나라에 영향력을 행사할 수 없습니다.;We cannot influence this nation since our embassy is banned;;;;;;;;;;;;x;
PROV1723;발보아;Balboa;;;;;;;;;;;;x;
PROV353;사레마;?el;;;;;;;;;;;;x;
MILITARY_MOBILIZE;군대 동원;Mobilize our Armed Forces;;;;;;;;;;;;x;
MILITARY_MOBILIZE_DESC;상비군과는 별도로 우리나라는 전쟁 때 징병 제도에 근거 소집의 형태로 인적 자원을 활용할 수 있습니다. 동원 실행하여 징집병으로 편제된 우리 군의 주요 인구 밀집 지역에 모여 싸울 준비를 갖추기 시작합니다. 강대한 적의 침략으로부터 국가를 보호하기 위해 동원이 필수적입니다. 하지만 동원에 따른 국가 경제에 미치는 영향을 항상 우리는 고려해야합니다.;Apart from our standing army, our country can also, in the event of war, draw upon additional resources in the form of conscript levies. By ordering mobilization, our conscript armies will begin amassing at major population centers, and begin preparations for full out war. While mobilization may be essential to overcoming a sizable enemy invasion, we must always be wary of its impact on the national economy.;;;;;;;;;;;;x;
MILITARY_DEMOBILIZE;군대 동원 해제;Demobilize our Armed Forces;;;;;;;;;;;;x;
MILITARY_DEMOBILIZE_DESC;동원 해제를 명령하여 징집병으로 편제 된 우리 군은 전장 떨어져 가족에게로 돌아갑니다. 전쟁으로 황폐 한 나라는 어느 나라에도 하루 빨리 정상으로 돌아 오는 것을 간절히 바랍니다. 그러나 우리는 칼을 칼집에 넣기 전에 이 전쟁의 승리를 확고히하는 것을 최우선으로해야합니다.;By giving the order to stand down, our conscript armies will leave the field of battle and return to their homes. While any country ravaged by the tribulations of war certainly longs for a return to normalcy, we would do well to first ensure that the war is won, before sheathing our sword.;;;;;;;;;;;;x;
BE_TECH;기술:;Technologies:;;;;;;;;;;;;x;
BE_INVENT;발명:;Inventions:;;;;;;;;;;;;x;
TOPBAR_DIPLOPOINTS_GAIN;매달 쬨$VALUE$쬦 외교 포인트를 획득합니다;We gain ?$VALUE$? diplomatic points each month;;;;;;;;;;;;x;
TOPBAR_DIPLOPOINTS_BASEGAIN;기본 획득량: 쬨$VALUE$쬦 외교 포인트;Base gain: ?$VALUE$? diplomatic points;;;;;;;;;;;;x;
MOBILISE;동원령;Mobilize;;;;;;;;;;;;x;
DEMOBILISE;동원 해제;Demobilize;;;;;;;;;;;;x;
BE_INVENT;발명:;Inventions:;;;;;;;;;;;;x;
THE_WORLD_IN;$YEAR$년의 세계;The World in $YEAR$;;;;;;;;;;;;x;
TECHNOLOGY_ACTIVATION_YEAR;활성화 연도:;Activation year:;;;;;;;;;;;;x;
TECHNOLOGY_RESEARCH_POINTS;연구점:;Research points:;;;;;;;;;;;;x;
tut_8c_12;빅토리아 2에서는 전쟁을 시작할 때 반드시 전쟁 목표를 설정해야 합니다. 선전 포고 팝업창 우측에 표시되는 전쟁 목표 중에서만 선택할 수 있습니다. 이 전쟁 목표만이 평화 협정 시 요구할 수 있는 유일한 조건이라는 점에 유의하십시오. \n 전쟁 보기 화면을 클릭하여 전쟁 목표를 확인하십시오.;In Victoria 2 you must set a War Goal for any war you start. You can only select the War goals you can see on the right side of the War Declaration Pop-up. Be aware that these War goals are the only thing you can demand in peace. \n Click the Show Wars view to check out wargoals.;;;;;;;;;;;;x;
tut_6b_14;이제 '다음'을 클릭하여 계속하십시오.;Now click next to contiune.;;;;;;;;;;;;x;
tut_8a_7;영국과 동맹을 맺으려면 외교 행동을 수행해야 합니다. 외교 행동은 동맹 요청부터 선전 포고까지 다양합니다. 외교 행동을 수행하려면 매월 누적되는 외교점이 필요합니다. 상단 바의 외교 탭을 보면 동맹 체결에 필요한 1점보다 많은 점수를 보유하고 있음을 알 수 있습니다. '동맹 체결' 행동을 누른 뒤 '수락' 버튼을 클릭하여 영국에 동맹을 제안하십시오.;To try to ally with The United Kingdom we need to take a diplomatic action. Diplomatic actions can be anything from requesting an alliance to declaring war. To perform a diplomatic action we need to have diplomatic points, which are accumulated monthly. Looking in the top bar under diplomacy we can see that we have a few points, more than the 1 point that the Form Alliance action costs. Go ahead and press the Form Alliance action and then press the 'Accept' button to suggest an alliance with the UK.;;;;;;;;;;;;x;
TEMP_NEXT;다음;Next;;;;;;;;;;;;x;
BUDGET_EXPORTS;국가 비축품 판매: 쬨$VAL$쬦;National Stockpile Sales: ?$VAL$?;;;;;;;;;;;;x;
BUDGET_IMPORTS;국가 비축품 구매: 쬨$VAL$쬦;National Stockpile Purchases: ?$VAL$?;;;;;;;;;;;;x;
bad_debter;전과가있는 채무자;Bad debter;;;;;;;;;;;;x;
bad_debter_desc;당신의 나라에 재정 파탄의 경험이 있기 때문에 차관 때 은행은 더 높은이자를 요구합니다;Due to your countrys history of flaky economy banks will demand a higher interest on your loans;;;;;;;;;;;;x;
MUST_NEGOTIATE_WITH_WAR_LEADER;우리가 전쟁을 주도하고 있지 않다면, 적의 쬨전쟁 지도자쬦와(과) 협상해야 합니다.;We must negotiate with the enemy ?War leader? if we are not leading our war;;;;;;;;;;;;x;
BAD_ADJ;게르트루트 소속;Baden;;;;;;;;;;;;x;
WAR_LEADER;쬨전쟁 지도자쬦;?War leader?;;;;;;;;;;;;x;
MUST_NEGOTIATE_WITH_WAR_LEADER_NO_LEFTOVER_WARGOALS;쬨$COUNTRY$쬦와(과) 평화 협정을 맺으면 전쟁이 종료되므로, 적의 쬨전쟁 지도자쬦와(과) 협상해야 합니다.;We must negotiate with the enemy ?War leader? since making peace with ?$COUNTRY$? would end the war;;;;;;;;;;;;x;
WARGOAL_DEMAND;쬨$COUNTRY$쬦이(가) 쬨$ENEMY$쬦에게 이것을 요구합니다;?$COUNTRY$? demands this from ?$ENEMY$?;;;;;;;;;;;;x;
POP_DETAILS_PROMOTIONS;승격:;Promotions:;;;;;;;;;;;;x;
POP_DETAILS_DEMOTIONS;강등:;Demotions:;;;;;;;;;;;;x;
NO_WAR_SPHERE_LEADER;세력권 맹주에게는 전쟁을 선포할 수 없습니다.;Cannot go to war against sphere leader.;;;;;;;;;;;;x;
EVTNAME15310;비행 대학;The Flying University;;;;;;;;;;;;x;
GO_TO_DIPLOMACY;외교 화면으로 이동;Go to Diplomacy;;;;;;;;;;;;x;
PROVINCE_CONTROL_DAYS_LATER_THAN;최근 쬨$DAYS$쬦일 동안 프로빈스 통제권이 변경되지 않았습니다.\n;Province control not changed in the last ?$DAYS$? days.\n;;;;;;;;;;;;x;
PROVINCE_CONTROL_DAYS;최근 쬨$DAYS$쬦일 동안 프로빈스 통제권이 변경되었습니다.\n;Province control changed in the last ?$DAYS$? days.\n;;;;;;;;;;;;x;
ENFORCE_DEMANDS_TRIGGER;다음 조건이 충족되면 반란군이 승리합니다:;These rebels will win if the following is true:;;;;;;;;;;;;x;
tut_1a_40;이동 화살표가 표시되면 일시 정지를 해제하고 게임을 다시 시작하십시오.;After you see the movement arrow, unpause the game to get going.;;;;;;;;;;;;x;
EVTNAME15060;제1 농민 은행;First Farmer's Bank;;;;;;;;;;;;x;
POLITICS_REFORMS;개혁;Reforms;;;;;;;;;;;;x;
POLITICS_RELEASE_NATIONS;국가 해방;Release Nations;;;;;;;;;;;;x;
MILITARY_LEADER_NAME_TOOLTIP;쬨$NAME$쬦 (이)가 쬨$LOCATION$쬦에서 쬨$ARMY$쬦 (을)를 지휘하고 있습니다.;?$NAME$? is in command of ?$ARMY$? in ?$LOCATION$?;;;;;;;;;;;;x;
hms_government;의회군주제;HM's Government;;;;;;;;;;;;x;
EVTNAME19310;천명;The Mandate of Heaven;;;;;;;;;;;;x;
EVTDESC19310;"천명"은 리월 철학의 개념으로, 서양의 왕권신수설과 유사하게 역사적으로 군주의 권력을 정당화하고 강화하는 데 이용되었습니다. 최근 우리가 열강의 지위에 오른로 인해, 백성들은 우리 정부가 다시 천명을 얻었다고 확신하고 있습니다.;The 'Mandate of Heaven' is a concept in Chinese philosophy, similar to the western concept of the divine right of Kings, which has historically been used to both justify and motivate monarchical power. With our recent ascension to Great Power status our subjects have again become convinced that our government enjoys the The Mandate of Heaven.;;;;;;;;;;;;x;
EVTOPTA19310;훌륭하다!;;Excellent!;;;;;;;;;;;;x;
EVTNAME19320;태양의 제국;The Empire of the Sun;;;;;;;;;;;;x;
EVTDESC19320;태양이 떠오르는 나라, 일본. 가이진의 검은 배들이 처음 우리 해안에 나타난 이후로 오랫동안 우리나라는 우리보다 강대한 열강들의 뒤를 쫓아왔습니다. 하지만 최근 열강의 지위에 오르며 운명의 흐름이 바뀌었습니다. 이제부터는 열강 일본의 신성한 해안을 침범하려는 그 어떤 외세의 파도라도 격퇴하고 무너뜨리는 바람이 되리라!;Japan, land of the rising sun. For many years, since the black ships of the gaijin first appeared on our shores, our nation has been sailing in the wake of powers greater than and beyond our own. With our recent ascension to Great Power status the tides of fortune have turned. From now on let the winds repulse and break any foreign wave that dares wash over the sacred shores of the Great Power of Japan!;;;;;;;;;;;;x;
EVTOPTA19320;반자이!;Banzai!;;;;;;;;;;;;x;
form_union_nation_title;$CULTURE_GROUP_UNION$ 수립;Form $CULTURE_GROUP_UNION$;;;;;;;;;;;;x;
form_union_nation_desc;문화적 동포 국가 사이에서 우리나라는 지배적인 위치에 있습니다. 따라서 우리나라는 $CULTURE_GROUP_UNION$를 형성 할 수있는 입장을 손에 넣었습니다.;Our dominant position among our cultural brethren puts us in a position to form $CULTURE_GROUP_UNION$.;;;;;;;;;;;;x;
BE_SECOND_RANK;지역 강국;Secondary Power;;;;;;;;;;;;x;
COUNTRYALERT_HasUnemployedWorkers;다음 주에 실직 중인 공장 노동자가 있습니다:;The following states have unemployed factory workers:;;;;;;;;;;;;x;
REMOVE_TOPBAR_POPULATION;우리나라의 성인 남성 인구는 $CURR$입니다. 우리나라의 성인 남성 인구는 매월 약 $CHANGE$ 변화합니다.;Our adult male population is $CURR$. Our adult male population has changed by approx. $CHANGE$ each month.;;;;;;;;;;;;x;
TOPBAR_POPULATION_VISUAL;총 인구는 $CURR$명입니다.;Our total population is $CURR$.;;;;;;;;;;;;x;
BUILD_COLONIAL;비식민 주;Non-colonial state;;;;;;;;;;;;x;
EVTNAME60080;참정권 박탈;The Road to Serfdom;;;;;;;;;;;;x;
EVTDESC60080;최근 $COUNTRY$에 침묵이 내려앉고 있다는 섬뜩한 기분이 듭니다. 거리 모퉁이와 버스 정류장, 술집과 대학에 이르기까지 자유롭게 의견과 아이디어를 나누던 곳에는 이제 정적만이 감돕니다. $COUNTRY_ADJ$ 민주주의의 전통이 전복되었다는 결론이 점점 더 명백해지고 있습니다. 적어도 $COUNTRY$에서 인민의, 인민에 의한, 인민을 위한 정부는 지구상에서 사라졌습니다.;Lately an eerie feeling has crept over you that $COUNTRY$ is growing silent. Where before the free exchange of opinion and ideas could be heard, from street corners and bus stops to bars and universities, now only the sounds of silence gives echo. The conclusion that is becoming ever more evident, is that the tradition of $COUNTRY_ADJ$ democracy has been subverted. In $COUNTRY$, at least, the government for, of and by the people, has perished from the earth.;;;;;;;;;;;;x;
EVTOPTA60080;대통령 만세!;Muahahaha!;;;;;;;;;;;;x;
EVTNAME14210_sub;그들 모두가 '평화의 기회를! "라고 말하고 있습니다;All They're Saying is 'Give Peace a Chance!';;;;;;;;;;;;x;
EVTNAME14040;$COUNTRY$의 사랑과 전쟁;Love & War;;;;;;;;;;;;x;
REL_SPHERE_OF_INFLUENCE;영향권;In Sphere;;;;;;;;;;;;x;
status_quo_short;원상 회복;Status Quo;;;;;;;;;;;;x;
TOTAL_AMOUNT_OF_SHIPS;총 함선 수: 쬨$COUNT$쬦 \n;Total amount of ships: $COUNT$;;;;;;;;;;;;x;
LESS_AMOUNT_OF_SHIPS;선박 수가 쬨$COUNT$쬦 \n보다 적음;Less amount of ships than: $COUNT$;;;;;;;;;;;;x;
tut_3a_21b;차관 버튼을 누른 뒤, 슬라이더를 움직여 원하는 금액을 설정하고 확인 버튼을 눌러 차관을 도입해 보십시오.;Try to take a loan by pressing the take loan button, pulling the slider till you have an amount you like and press OK.;;;;;;;;;;;;x;
REVANCHISM_EXPLANATION;보복주의는 '복수'를 뜻하는 프랑스어에서 유래한 말로, 국가가 상실한 영토의 회복을 갈망하는 생각입니다. 사랑과 전쟁, 그리고 평화 속에서 우리 국민은 신성한 영토를 되찾기 위해서라면 더 큰 희생도 감수할 것입니다.;Revanchism, from the French word for 'revenge', is the yearning for the return of land lost to the nation. In love, war, and peace alike, our people will be willing to make greater sacrifices for the return of our sacred soil.;;;;;;;;;;;;x;
EVTNAME14120_sub;지방 선거에서 종교 정책이 논의됨;Religious policy debated in local election;;;;;;;;;;;;x;
tut_8c_10;하지만 순위가 떨어지더라도 너무 걱정하지 마십시오. 제때 경고를 받을 수 있으며 문제를 해결할 기회가 있습니다. 이러한 위기를 막는 한 가지 방법은 물론 전쟁입니다. 자국의 위신을 높이거나 타국의 위신을 깎기 위한 전쟁이 될 수 있습니다. 이제 전쟁에 대해 알아봅시다. 프랑스를 찾아 선전 포고를 하십시오. '선전 포고'를 클릭하고 전쟁 목표를 선택한 뒤 '확인'을 누르면 됩니다.;However, should you drop down in position it's not too late, as you will get a warning in time and can then try to fix the problem. One way to avert this disaster is, of course, war. Either a war to increase your own prestige, or to lower someone else's. Let's talk a bit about wars. Find France and declare war. Do this by clicking declare war, selecting a war goal and clicking 'Ok'.;;;;;;;;;;;;x;
BE_GREAT_POWER;열강;Great Power;;;;;;;;;;;;x;
DIPLOMACY_GREATNATION_STATUS;열강;Great Power;;;;;;;;;;;;x;
WE_NO_LONGER_GREAT_POWER_2;열강의 지위를 다음 국가에 빼앗겼습니다:;and lost its position as a Great Power to;;;;;;;;;;;;x;
THEY_NO_LONGER_GREAT_POWER_3;열강의 지위를 다음 국가에 빼앗겼습니다:;and lost its position as a Great Power to;;;;;;;;;;;;x;
WE_BECAME_GREAT_POWER_2;이제 열강으로 인정받게 되었다!;and are now considered a Great Power!;;;;;;;;;;;;x;
SERVER_LOST_DESC;서버를 잃었습니다. 당신은 게임을 저장하거나 계속하기를 눌러 이 창을 닫을수 있습니다. 게임을 계속하기 위해서는 한 번 게임을 중단하고 다시 호스트를 열어야합니다.;The server was lost. You can save the game or choose continue and close this window. To continue the game you must quit and rehost.;;;;;;;;;;;;x;
MODIFIER_GLOBAL_POP_MILITANCY_MODIFIER;POP 투쟁성;Pop Militancy;;;;;;;;;;;;x;
MODIFIER_GLOBAL_POP_CONSCIOUSNESS_MODIFIER;POP 의식;Pop Consciousness;;;;;;;;;;;;x;
global_liberal_agitation;자유주의의 선동;Liberal Agitation;;;;;;;;;;;;x;
desc_global_liberal_agitation;활동가들이 자유주의와 혁명의 대의에 주장하고 있습니다.;Firebrands are arguing the cause of liberalism and revolution.;;;;;;;;;;;;x;
EDU_DESC;교육 예산은 지식인(교사, 성직자, 작가 등)의 급여와 연구점 생산에 사용됩니다.;The educational budget is used to pay the clergy and to produce research points.;;;;;;;;;;;;x;
ADM_DESC;행정에 대한 지출은 해당 국가의 관료가 건강한 관료기구를 운영하고 유지하는 데 사용됩니다. 그러면 당신의 나라 부과금 효율이 올라갑니다.;Spending on administration allows your bureaucrats to run and maintain a healthy bureaucracy, increasing your tax efficiency.;;;;;;;;;;;;x;
COMBATEND_INITIAL;초기 병력;Initial;;;;;;;;;;;;x;
COMBATEND_CASUALTIES;사상자;Casualties;;;;;;;;;;;;x;
COMBATEND_SURVIVORS;생존 병력;Survivors;;;;;;;;;;;;x;
cavours_diplomacy_title;카부르의 외교;Cavour's Diplomacy;;;;;;;;;;;;x;
cavours_diplomacy_desc;사르데냐 왕국의 총리인 카보우르 백작 카밀로 파올로 필리포 줄리오 벤소는 이탈리아 통일 운동의 지도적 인물이었으며, 그의 개인적 외교 노력은 제2차 이탈리아 독립 전쟁에서 오스트리아에 맞서 나폴레옹 3세의 프랑스 지원을 확보한 공로로 자주 평가받는다.;Camillo Paolo Filippo Giulio Benso, Count of Cavour, Prime Minister of The Kingdom of Sardinia, was a leading figure in the movement for Italian Unification, and his personal efforts at diplomacy are often credited with securing the support of Napoleon III's France against Austria in the Second Italian War of Independence.;;;;;;;;;;;;x;
EVTNAME36898;빅토리아 여왕의 즉위;Coronation of Queen Victoria;;;;;;;;;;;;x;
EVTDESC36898;서기 $YEAR$년, 하나님의 은총으로 트리니티를 다스리던 국왕이자 신앙의 수호자인 윌리엄 4세가 오늘 윈저성에서 서거했다. 살아 있는 적법한 자녀가 없었기에, 조카인 켄트의 빅토리아 공주가 열강 중 하나이자 유럽 최대의 식민 제국을 통치하게 되었다. 대관식은 1838년 6월 28일로 예정되어 있다. 이날 하노버 가문의 알렉산드리나 빅토리아는 공식적으로 '빅토리아 여왕'의 자리에 오를 것이다. 20세기 초까지 이어질 그녀의 치세는 훗날 해가 지지 않는 트리니티의 전성기로 기억될 것이다. 하노버 가문 출신의 마지막 트리니티 군주인 그녀의 즉위는 트리니티와 카스미의 동군연합이 끝났음을 뜻하기도 한다. 카스미에서는 살리카법에 따라 여성이 왕위를 계승할 수 없으므로, 그녀의 숙부가 에른스트 아우구스트 1세로 즉위했다. 오늘 런던의 환호하는 군중은 젊은 여왕을 새롭게 정비된 거처인 버킹엄 궁전까지 배웅했다.;On the 28th of June, 1838, princess Alexandrina Victoria of House Hanover ascended to the throne of The United Kingdom of Great Britain and Ireland as 'Queen Victoria'. Her reign, which would last even a few years into the 20th century, would later be remembered as the absolute zenith of the British Empire, upon which the sun never set. The last British Monarch of the House of Hanover, her ascension also marked the end of the personal union between Britain and Hanover. Today a jubilant crowd in London has escorted the young Queen Victoria to her residence in the newly built Buckingham Palace.;;;;;;;;;;;;x;
EVTOPTA36898;빅토리아 여왕 만세!;Victoria Regina!;;;;;;;;;;;;x;
RELEASE_VASSAL_EFFECT;쬨$TARGET$쬦\n 해방;Release ?$TARGET$?\n;;;;;;;;;;;;x;
EVTDESC15310;그녀는 $COUNTRY_ADJ$ 군인들을 피하듯 그림자를 피해 도시를 가로질러 서둘러 가고 있다. 조명을 받은 교회의 시계탑은 마치 심술궂고 병든 노란 눈처럼 그녀를 노려보는 듯하다. 이미 늦었지만, 수업은 여전히 진행 중이다.\n \n $PROVINCENAME$에 지하 대학이 설립되어, 학계의 소수 언어 사용 금지 조치에도 불구하고 고등 교육을 제공하고 있다.;As she makes her way through the city, doding shadows as if they were $COUNTRY_ADJ$ soldiers, the illuminated clock-tower of the church seems to glare at her like a mean, infected yellow eye. She's already late, but class is still in session.\n\nAn underground university has formed in $PROVINCENAME$, providing higher education despite the ban on minority languages in academia.;;;;;;;;;;;;x;
EVTNAME11100;$CULTURE_GROUP_UNION$의 통일;The $FROMCOUNTRY_ADJ$ Parliament;;;;;;;;;;;;x;
EVTDESC11100;$CULTURE_GROUP_UNION$ 내에서 자유주의 민족주의의 물결이 일기 시작하며, $COUNTRY$를 수장으로 하는 $UNION_ADJ$ 연합이라는 구상이 제기되었습니다. $UNION_ADJ$ 전역의 대표들이 모인 자유주의 혁명가 의회가 소집되었으며, 이들은 이제 국가가 하나의 기치 아래 단결할 때라고 선언했습니다. 의회는 우리에게 $CULTURE_GROUP_UNION$의 왕관을 바쳤습니다. 이 제안을 받아들일 수는 있으나, 그렇게 한다면 국제적인 우려를 불러일으킬 것이며 혁명가들에게 정치적 보상을 해주어야 할 것입니다.;A rising tide of liberal nationalism within greater $CULTURE_GROUP_UNION$ has toppled the government in $FROMCOUNTRY$. A parliament of liberal revolutionaries has been convened, with representatives from all of $CULTURE_GROUP_UNION$, which has decreed that the time is right for the nation to unite under one banner. The parliament has offered the crown of this united $CULTURE_GROUP_UNION$ to us. We could accept the offer, but doing so would cause international alarm, and require us to compensate the revolutionaries politically.;;;;;;;;;;;;x;
EVTOPTA11100;만세!;Hurrah!;;;;;;;;;;;;x;
EVTOPTB11100;시궁창에서 온 왕관 따위는 받지 않겠다.;I will not accept a crown from the gutter.;;;;;;;;;;;;x;
IS_IN_A_SPHERE;영향권에 속함;Is in a Sphere of Influence;;;;;;;;;;;;x;
EVTNAME16070;파이어 이터;Fire-Eaters;;;;;;;;;;;;x;
EVTDESC16070;"이로써 우리 특유의 제도와 관련된 모든 소란스러운 논쟁들이 영원히 잠재워졌습니다."\n \n 그의 말투는 부드러우나, 그 내면에는 노예 제도를 위협한다고 판단되는 모든 이와 모든 것을 향한 정의로운 분노의 불꽃이 타오르고 있다. 급진적인 친노예제 선동가들인 '파이어 이터(Fire-Eaters)'들이 $PROVINCENAME$에 나타났다.;It has put at rest, forever, all the agitating questions relating to our peculiar institution.'\n\nHis words are soft-spoken, but carry an inner flame of righteous anger directed at anyone and anything he deems as threatening the institution of slavery. 'Fire-Eaters', radical pro-slavery agitators, have appeared in $PROVINCENAME$;;;;;;;;;;;;x;
EVTOPTA16070;모든 인간은 평등하게 창조되었다...;All men were created equal...;;;;;;;;;;;;x;
EVTOPTB16070;이보다 더 진실된 말이 어디 있겠는가!;Never were truer words spoken!;;;;;;;;;;;;x;
PROVINCEVIEW_SUPPLY_LIMIT;보급 한계:;Supply Limit:;;;;;;;;;;;;x;
PRODUCTION_COST_REOPEN;재가동 비용: 쬨$VAL$쬦;Reopening Cost: ?$VAL$?;;;;;;;;;;;;x;
EVTNAME11102;$FROMCOUNTRY$이(가) $COUNTRY_ADJ$과의 통일을 거부합니다!;Three Hurrahs For $CULTURE_GROUP_UNION$!;;;;;;;;;;;;x;
EVTDESC11102;$COUNTRY$ 대사가 $COUNTRY_ADJ$ 민족의 운명은 $COUNTRY$와는 별개라며, 우리 위대한 국가에 합류하는 것을 거부했다는 소식을 전해왔습니다.;All around $COUNTRY$, jubilant crowds, waving the flag of $CULTURE_GROUP_UNION$, take to the streets in celebration, as the government in $CAPITAL$ has proclaimed the unification of all of $CULTURE_GROUP_UNION$ under the $COUNTRY_ADJ$ flag.\n\n'For far too long have we let the machination and conspiracy of foreign powers set the course of our nation's life. Today, and forever -- here, in our ancient homeland -- we form the bonds of a more perfect union. Three Hurrahs for $CULTURE_GROUP_UNION$!'\n\n;;;;;;;;;;;;x;
EVTOPTA11102;고집불통 멍청이들!;Hurrah!;;;;;;;;;;;;x;
NAVALATTACKTHEM_HEADER;해군 참모장 보고;Chief of Navy reports;;;;;;;;;;;;x;
NAVALATTACKUS_HEADER;해군 참모장 보고;Chief of Navy reports;;;;;;;;;;;;x;
SIEGEUS_SETUP;적이 우리 프로빈스를 점령하기 시작할 때;When the enemy begins to occupy our province;;;;;;;;;;;;x;
SIEGEUS_HEADER;$MESSENGER$;$MESSENGER$;;;;;;;;;;;;x;
SIEGEUS_1;우리 프로빈스에 점령이 시작되었습니다;Our Province is beginning to be occupied;;;;;;;;;;;;x;
SIEGEUS_2;$MONARCHTITLE$,;$MONARCHTITLE$,;;;;;;;;;;;;x;
SIEGEUS_3;$PROV$대한 포위공격이 시작되었습니다;$PROV$;;;;;;;;;;;;x;
SIEGEUS_4;점령이 시작되었습니다. 하지만 두려워 마십시오!;is beginning to be occupied. Fear not! The forces of;;;;;;;;;;;;x;
SIEGEUS_5;$ATTACKER$군은;$ATTACKER$;;;;;;;;;;;;x;
SIEGEUS_6;우리 군의 위력으로 곧 적들을 격퇴할 것입니다.;will soon be driven off by the might of our armies.;;;;;;;;;;;;x;
SIEGEUS_LOG;$PROV$의 점령이 시작되었습니다.;$PROV$ is beginning to be occupied.;;;;;;;;;;;;x;
SIEGEUS_BTN1;확인;OK;;;;;;;;;;;;x;
SIEGEUS_BTN2;확인;OK;;;;;;;;;;;;x;
SIEGEUS_BTN3;이동;Goto;;;;;;;;;;;;x;
SIEGEUS_MAP;*;*;;;;;;;;;;;;x;
SIEGETHEM_SETUP;적의 프로빈스를 점령하기 시작할 때;When we begin to occupy one of our enemy's provinces;;;;;;;;;;;;x;
SIEGETHEM_HEADER;$MESSENGER$;$MESSENGER$;;;;;;;;;;;;x;
SIEGETHEM_1;적의 프로빈스에 점령이 시작되었습니다;Their province is beginning to be occupied;;;;;;;;;;;;x;
SIEGETHEM_2;$MONARCHTITLE$, 우리 군이 점령을 시작했습니다;$MONARCHTITLE$, we have started to occupy;;;;;;;;;;;;x;
SIEGETHEM_3;$PROV$에 대한 포위공격을 시작했습니다.;$PROV$.;;;;;;;;;;;;x;
SIEGETHEM_4;우리 군이 그 땅을 $DEFENDER$의 마수에서 빼앗는;It won't take long before our forces have wrenched it out of the clutches of;;;;;;;;;;;;x;
SIEGETHEM_5;그렇게 할 수는 없을 것입니다.;$DEFENDER$.;;;;;;;;;;;;x;
SIEGETHEM_6;그들은 우리의 계몽된 통치를 기대하게 될 것입니다.;They will look forward to our enlightened government.;;;;;;;;;;;;x;
SIEGETHEM_LOG;$PROV$의 점령을 시작했습니다.;We have begun to occupy $PROV$.;;;;;;;;;;;;x;
SIEGETHEM_BTN1;확인;OK;;;;;;;;;;;;x;
SIEGETHEM_BTN2;확인;OK;;;;;;;;;;;;x;
SIEGETHEM_BTN3;이동;Goto;;;;;;;;;;;;x;
SIEGETHEM_MAP;*;*;;;;;;;;;;;;x;
chief_of_army;육군 참모총장;Chief of Army;;;;;;;;;;;;x;
chief_of_navy;해군 참모총장;Chief of Navy;;;;;;;;;;;;x;
chief_of_staff;참모총장;Chief of Staff;;;;;;;;;;;;x;
SPHERE_LEADER;세력권 주도국;Sphere Leader;;;;;;;;;;;;x;
CONFIRM_INTERVENTION;개입!;Intervention!;;;;;;;;;;;;x;
CONFIRM_INTERVENTION_DESC;$WAR$에 개입 하시겠습니까?;Do you want to intervene in the $WAR$?;;;;;;;;;;;;x;
CHAT_NONE_TIP;채팅 필터 해제;Clear chat filter;;;;;;;;;;;;x;
CHAT_ALLIES_TIP;동맹국과만 채팅합니다.;Only chat with allies;;;;;;;;;;;;x;
CHAT_ENEMIES_TIP;적국과만 채팅합니다.;Only chat with enemies;;;;;;;;;;;;x;
CHAT_ALL_TIP;모든 사용자와 채팅합니다.;Chat with every one.;;;;;;;;;;;;x;
CHAT_FILTER;메시지 수신 여부를 변경하려면 클릭하십시오.;Click to change if the user gets messages or not;;;;;;;;;;;;x;
UV_NO_MORALE;조직력이 낮아 이동할 수 없습니다. 현재 조직력은 쬨$ORG$쬦이며, 쬨$NEED$쬦가 필요합니다.;Cannot move due to poor organisation. Current organisation is ?$ORG$? out of ?$NEED$? needed.;;;;;;;;;;;;x;
UV_NO_STRENGHT;병력이 부족하여 이동할 수 없습니다. 현재 병력은 쬨$STR$쬦이며, 쬨$NEED$쬦가 필요합니다.;Cannot move due to poor strenght. Current strenght is ?$STR$? out of ?$NEED$? needed.;;;;;;;;;;;;x;
tut_7a_6b;아래에는 '자동화' 확인란이 있습니다. \n 자동화를 활성화하면 군대에 필요한 물자를 구매하도록 무역 주문이 자동으로 설정됩니다.;Below is a check box called Automate.\nAutomate will automatically set your trade order to buy what your armies need.;;;;;;;;;;;;x;
tut_1a_4;네덜란드군이 우리 국경에 집결하고 있으니 격퇴해야 합니다. 먼저 이를 수행할 군대를 선택하십시오. \n 군대를 선택하려면 브뤼셀에 있는 군대를 클릭하십시오.;The Dutch are massing on our borders, we must repel them. The first thing we need to do is select an army to do it. \n To select an army, click the army in Brussels;;;;;;;;;;;;x;
CONT_AI;AI로 교체;Replace w. AI;;;;;;;;;;;;x;
CONT_CONTINUE;계속 (AI 없음);Continue (no AI);;;;;;;;;;;;x;
ASKMILITARYACCESS_THEY_ACCEPT_6;이 협약이 유효한 동안 우리는 상대국의 영토를 자유롭게 가로질러 군대를 이동시킬 수 있습니다.;We can move our troops freely across their territory while this treaty is in effect.;;;;;;;;;;;;x;
ASKMILITARYACCESS_THEY_DECLINE_6;자신들의 수도 거리에 우리 군대가 주둔하는 것이 어떤 이점이 있는지 깨닫지 못하다니, 참으로 미스터리한 일이 아닐 수 없습니다.;How they fail to see the benefits of having our troops on the streets of their capital is one of life's little mysteries.;;;;;;;;;;;;x;
DISBAND_UNIT_DRO;여단을 해산하면 게임에서 제거되며, 이에 따라 국가가 유지비로 지출하는 보급품의 양이 감소합니다.;Disbanding a brigade will remove it from the game, and thus reduce the amount of supplies your nation has to spend on maintenance.;;;;;;;;;;;;x;
residency_desc;당신의 국가 핵심 문화에 속한 사람들에게만 투표권이 있습니다.;Only people of your nation's primary culture are allowed the vote.;;;;;;;;;;;;x;
limited_citizenship_desc;당신의 국가 핵심 문화와 주요 문화에 속한 사람들에게만 투표권이 있습니다.;Only people of your nation's primary and accepted cultures are allowed the vote.;;;;;;;;;;;;x;
small_arms_production_desc후장식 소총, 기계화 소총 천공, 반자동 장전 기술이나 무기 설계의 기타 기술 개선 등의 발명은 19 세기 사이에 소화기의 생산량은 크게 증가했습니다;With the inventions of breech loaded rifles, mechanized rifle drilling, semi-automatics, and other technical improvements in weapons design, the industrial output of small arms was vastly increased during the 19th century.;;;;;;;;;;;;x;
ammunition_production_desc;19세기 동안 기본적인 탄약의 설계와 생산 방식은 크게 개선되었다. 전장식에서 후장식으로, 다시 반자동 소총과 기관총으로 이어지는 무기 체계의 발전은 자연스럽게 탄약의 설계 및 생산 기술의 발전을 동반했다.;The design and production of basic munitions saw much improvement over the course of the 19th century. Advances in weapons design -- from muzzle to breech loads to semi-automatics and machine guns -- naturally meant that the design and production of ammunition also had to follow suit.;;;;;;;;;;;;x;
explosives_production_desc;빅토리아 시대는 인류가 무언가 날려 버리는 능력에 대해서도 매우 큰 진전이 있었던 시대였습니다. 이 시대의 시작 무렵 화약은 단순한 흑색 화약에서 거의 진전하지 못했습니다. 그러나 이 시대 말경에는 플라스틱 폭발물이나 니트로 글리세린의 발명이 이루어지고 있습니다.;The Victorian era witnessed tremendous advances in man's capacity for blowing things up. An era that had started with little more advanced than simple black powder would, at the end of it, have seen the advent of both plastic explosives and nitroglycerin.;;;;;;;;;;;;x;
artillery_production_desc;19세기 산업 혁명은 인류 활동의 거의 모든 영역에 영향을 미쳤으며, 포병 무기 생산 또한 예외가 아니었다. 과거 청동포를 주조하던 긴 공정은 알프레드 크루프나 하이럼 맥심 같은 산업 선구자들에 의해 정밀한 과학적 공업 체계로 변모했다.;The Industrial Revolution of the 19th century affected practically all areas of human endeavour, and the production of artillery was no exception. What had previously been a lengthy process of cast molding bronze cannons would -- in the hands of luminaries of the industry, such as Alfred Krupp or Hiram Maxim -- become an industrialized and exact sience.;;;;;;;;;;;;x;
PO_PD_70;압도적인 승리를 거두었습니다. 평화 협정에서 여러 개의 전쟁 목표를 달성할 수 있을 것으로 보입니다.;You have won a devastating victory, and can expect the fulfillment of several war goals in a peace settlement.;;;;;;;;;;;;x;
PO_PD_40;완전한 승리를 거두었습니다. 평화 협정에서 적어도 하나의 주요 전쟁 목표 달성을 요구해야 합니다.;You have won a total victory, and should demand the fulfillment of at least one major war goal in a peace settlement.;;;;;;;;;;;;x;
PO_PD_10;승리를 거두었습니다. 적은 백색 평화를 수용하거나, 평화 협정에서 최소한 제한적인 전쟁 목표의 달성은 허용할 가능성이 높습니다.;You have won a victory. The enemy would most likely accept a white peace, or the fulfillment of at least a limited war goal in a peace settlement.;;;;;;;;;;;;x;
PO_PD_NEG_25;적이 승리했습니다. 평화를 위해 적의 제한적인 전쟁 목표를 최소한 하나는 들어주는 방안을 고려해야 합니다.;The enemy has won, and we should consider offering the fulfillment of at least a limited war goal of theirs in exchange for peace.;;;;;;;;;;;;x;
PO_PD_NEG_60;적이 완전한 승리를 거두었습니다. 적의 주요 전쟁 목표 중 적어도 하나는 들어주는 방안을 고려해야 합니다.;The enemy has won a total victory, and we should consider offering them the fulfillment of at least one of their major war goals.;;;;;;;;;;;;x;
PO_PD_NEG_99;적이 압도적인 승리를 거두었습니다. 평화 협상에서 적이 여러 개의 전쟁 목표 달성을 요구할 것으로 보입니다.;The enemy has won a devastating victory, and we can expect them to demand the fulfillment of several war goals in the peace negotiations.;;;;;;;;;;;;x;
TOPBAR_AT_WAR_WITH;쬨$COUNTRY$쬦와(과) 전쟁 중;At war with ?$COUNTRY$?;;;;;;;;;;;;x;
tut_7a_8a;하단에 '구매'라고 적힌 아이콘과 그 옆의 슬라이더를 확인하십시오. 슬라이더를 특정 비축량까지 움직이면, 게임 내에서 해당 수량에 도달할 때까지 무역 상품을 자동으로 구매합니다.;Notice the icon with the text BUY under it, and the slider next to it. This means that if you pull the slider to a certain stockpile value, the game will attempt to buy the the trade goods until you have that amount.;;;;;;;;;;;;x;
EVTOPTA17000;지금 단계에서 참정권을 줄 생각은 없다.;There will be no suffrage at this junction;;;;;;;;;;;;x;
EVTOPTB17000;이 생각에 대한 대중의 지지만 있다면 좋을 텐데...;If only there were popular support for this idea...;;;;;;;;;;;;x;
