CODE;ENGLISH;FRENCH;GERMAN;POLISH;SPANISH;ITALIAN;SWEDISH;CZECH;HUNGARIAN;DUTCH;PORTUGUESE;RUSSIAN;FINNISH;x
african_integration_policy;아프리카 통합 제정;;;;;;;;;;;;;x
amir_kabir_attending;아미르 카비르를 임명했습니다;;;;;;;;;;;;;x
berlin_conference;베를린 회의가 열렸어;;;;;;;;;;;;;x
civilizing_congo;콩고를 문명화하는 것;;;;;;;;;;;;;x
direct_immigration;직접 이민을 가능하게 합니다;;;;;;;;;;;;;x
dual_monarchy;오스트리아-헝가리입니까?;;;;;;;;;;;;;x
france;프랑스야?;;;;;;;;;;;;;x
FRA_willem_i_alliance;네덜란드-프랑스 동맹;;;;;;;;;;;;;x
had_liberal_revolution;자유혁명이 있었구나.;;;;;;;;;;;;;x
german_confederation_member;독일 연방 회원국;;;;;;;;;;;;;x
in_great_war;대전쟁에서 싸우는 것;;;;;;;;;;;;;x
IOCMember;국제올림픽위원회 위원;;;;;;;;;;;;;x
is_australia;호주;;;;;;;;;;;;;x
is_canada;캐나다;;;;;;;;;;;;;x
is_new_zealand;뉴질랜드;;;;;;;;;;;;;x
is_swiss;스위스야?;;;;;;;;;;;;;x
islamic_law;이슬람법;;;;;;;;;;;;;x
lacking_writing_system;랙스 글쓰기 시스템;;;;;;;;;;;;;x
liberal_revolution_fired;자유혁명이 일어났습니다.;;;;;;;;;;;;;x
liberal_revolution_in_progress;자유혁명이 일어나;;;;;;;;;;;;;x
liberal_revolution_somewhere;자유 혁명이 어디서 일어나고 있어;;;;;;;;;;;;;x
liberal_revolutions_should_now_fire;자유혁명 급;;;;;;;;;;;;;x
local_government_reform_blocker;지방정부 개혁 차단제;;;;;;;;;;;;;x
naser_in_europe;샤의 유럽 투어;;;;;;;;;;;;;x
native_assimilation_enacted;원주민 동화가 탄생했습니다;;;;;;;;;;;;;x
new_fancy_palace_modifier;뉴팰리스;;;;;;;;;;;;;x
new_world_nation;뉴 월드 네이션;;;;;;;;;;;;;x
persian_cossacks_modifier;로도스 코사크 여단;;;;;;;;;;;;;x
pol_reform_blocker;정치 개혁 차단;;;;;;;;;;;;;x
soc_reform_blocker;사회개혁 차단자;;;;;;;;;x
post_colonial_country;구 콜로니;;;;;;;;;;;;;x
PRU_willem_i_alliance;네덜란드-프로이센 동맹;;;;;;;;;;;;;x
russification_of_the_baltic_states;발트해 연안의 신비화;;;;;;;;;;;;;x
serfdom_not_abolished;노예제 폐지안됨:;;;;;;;;;;;;;x
slave_revolution;노예혁명;;;;;;;;;;;;;x
soc_reform_blocker;사회개혁 차단자;;;;;;;;;;;;;x
the_slavery_debate;노예제에 관한 논의;;;;;;;;;;;;;x
turkmenchay_treaty;투르크멘차이 조약;;;;;;;;;;;;;x
using_foreign_ships;외국 선박 사용;;;;;;;;;;;;;x
using_foreign_shipyards;외국 조선소를 사용합니다;;;;;;;;;;;;;x
using_foreign_weapons;외국 무기 사용;;;;;;;;;;;;;x
using_foreign_artillery;외국 포대를 사용합니다;;;;;;;;;;;;;x
vote_reform_blocker;투표 개혁 차단기;;;;;;;;;;;;;x
yes_to_congo;콩고 질문에서 예스를 투표했습니다.;;;;;;;;;;;;;x
zaire_master;콩고를 소유합니다;;;;;;;;;;;;;x
krakow_uprising;크라쿠프 폭동이 일어났습니다;;;;;;;;;x
krakow_succeeded;크라쿠프 항쟁이 승리했습니다.;;;;;;;;;x
greater_poland_uprising;더 큰 폴란드 폭동이 일어났습니다.;;;;;;;;;x
greater_poland_succeeded;대 폴란드 항쟁이 승리했습니다.;;;;;;;;;x
january_uprising_happened;의회 폴란드 폭동이 일어났다.;;;;;;;;;x
through_january_uprising;폴란드 폭동 의회를 통해;;;;;;;;;x
january_uprising_succeeded;폴란드 항쟁 의회가 승리했습니다.;;;;;;;;;x
crimean_war;크림 전쟁이 일어났습니다.;;;;;;;;;x
treaty_of_paris_1856;파리 조약 - 러시아는 크림 전쟁에서 패배했다.;;;;;;;;;x
treaty_of_paris_russia;파리 조약 - 러시아는 크림 전쟁에서 승리했습니다.;;;;;;;;;x
the_manifesto;흔들리지 않는 전제정에 관한 선언문;;;;;;;;;x
tsaralexander2;차르 알렉산드르 2세 재위;;;;;;;;;x
russian_america_ambition;러시아 태평양 비상구 활동;;;;;;;;;x
rossiskiy_kalyforniya;샌프란시스코 조약에 서명했습니다;;;;;;;;;x
snatch_oregon_rus;오리건 해안이 결정에 의해 압류되었습니다.;;;;;;;;;x
initiated_mordvinov_plan;캘리포니아에 정착한 세프 - 모드비노프 플랜;;;;;;;;;x
war_for_california;캘리포니아를 둘러싸고 전쟁을 벌이고 있다.;;;;;;;;;x
mongolian_protectorate;몽골은 우리의 보호국입니다.;;;;;;;;;x
build_the_manchurian_railway1;만주 철도가 완성되었습니다.;;;;;;;;;x
convention_of_peking;북경의 관습이 생겼습니다;;;;;;;;;x
peking_con;북경 컨벤션;;;;;;;;;x
taiping_has_been_defeated;타이핑 반란 패배;;;;;;;;;x
arrow_incident;화살 사건이 일어났습니다;;;;;;;;;x
ever_victorious_army;승전무군;;;;;;;;;x
byzantine_armenia;아르메니아를 되찾았습니다;;;;;;;;;x
no_turks_in_anatolia;아나톨리아를 되찾았습니다;;;;;;;;;x
byzantine_levant;레반트 반환;;;;;;;;;x
byzantine_egypt;이집트를 탈환했습니다;;;;;;;;;x
byzantine_georgia;코카서스를 되찾았습니다.;;;;;;;;;x
mexican_louisiana;루이지애나를 탈환했다.;;;;;;;;;x
spanish_louisiana;루이지애나를 탈환했다.;;;;;;;;;x
pacific_reclamation_vns;북서-신 스페인을 탈환했다.;;;;;;;;;x
pan_hispanism;범히스패닉이 자행한;;;;;;;;;x
pan_latinism;범라틴주의 수용;;;;;;;;;x
joined_lmu;라틴 통화 조합에 가입했습니다;;;;;;;;;x
joined_lcu;라틴 관세동맹에 가입했습니다;;;;;;;;;x
french_outside_italy;프랑스를 대표하는 이탈리아(플로비에르 비전);;;;;;;;;x
austrian_outside_italy;오스트리아 출신 이탈리아;;;;;;;;;x
retaken_thirteen_colonies;13개의 콜로니에 대한 반복적인 주장;;;;;;;;;x
is_real_belgium;벨기에 또는 그 승인된 승계 국가이다.;;;;;;;;;x
paraguay_is_ours;파라과이는 우리의 것입니다!;;;;;;;;;x
uruguay_is_ours;우루과이는 우리 거야!;;;;;;;;;x
