TGC_TURIN_TITLE;토리노 조약의 이행;;;;;;;;;;;;;x
TGC_TURIN_DESC;시라쿠사 통일을 지원한 키보토스와의 합의에 따라 사보이아와 니스의 양도를 마무리합니다.;;;;;;;;;;;;;x
TGC_TURIN_ACCEPT;사보이아와 니스를 키보토스에 양도한다.;;;;;;;;;;;;;x
TGC_CORE_REVIEW_TITLE;문화 구성에 따른 영유권 재검토;;;;;;;;;;;;;x
TGC_CORE_REVIEW_DESC;외국이 10년 이상 안정적으로 통치하는 지역 중, 최대 인구 문화가 우리 주류 문화나 수용 문화에 속하지 않는 곳의 코어를 상실합니다. 전쟁과 휴전 중에는 적용하지 않으며 새로 부여된 역사적 코어는 10년간 보호됩니다.;;;;;;;;;;;;;x
TGC_CORE_REVIEW_ACCEPT;문화 구성의 변화를 반영한다.;;;;;;;;;;;;;x
tgcnv_treaty_core_grace;최근 확립된 영유권;;;;;;;;;;;;;x
tgcnv_treaty_core_grace_desc;새로 확립된 코어는 10년 동안 문화 구성에 따른 자동 상실에서 보호됩니다.;;;;;;;;;;;;;x
tgcnv_liberate_lombardy;롬바르디아 해방;;;;;;;;;;;;;x
tgcnv_liberate_lombardy_desc;롬바르디아의 모든 해당 주를 이탈리아 동맹국에 넘기도록 요구합니다.;;;;;;;;;;;;;x
tgcnv_frankfurt_settlement;알자스-로렌 양도;;;;;;;;;;;;;x
tgcnv_frankfurt_settlement_desc;알자스-로렌 전역의 양도를 요구합니다.;;;;;;;;;;;;;x
TGC_OVERSEAS_TITLE;해외 영토의 이관;;;;;;;;;;;;;x
TGC_OVERSEAS_DESC;전후 합의에 따라 밀레니엄이 보유하던 해외 영토의 행정권을 인수합니다.;;;;;;;;;;;;;x
TGC_OVERSEAS_ACCEPT;이관을 완료한다.;;;;;;;;;;;;;x
TGC_SAVOY_1860;사보이아;;;;;;;;;;;;;x
TGC_NICE_1860;니스;;;;;;;;;;;;;x
TGC_PEKing_1860;외만주;;;;;;;;;;;;;x
TGC_SOUTH_SAKHALIN;남사할린;;;;;;;;;;;;;x
TGC_NORTH_KURILS;북부 쿠릴 열도;;;;;;;;;;;;;x
TGC_LOMBARDY_1859;롬바르디아;;;;;;;;;;;;;x
TGC_LUXEMBOURG_EAST;동부 룩셈부르크;;;;;;;;;;;;;x
TGC_LUXEMBOURG_WEST;서부 룩셈부르크;;;;;;;;;;;;;x
TGC_ALSACE_LORRAINE;알자스-로렌;;;;;;;;;;;;;x
TGC_VENETIA_1866;베네토;;;;;;;;;;;;;x
TGC_TERRITORY_2459;페페리과수강 및 인접 지역;;;;;;;;;;;;;x
TGC_TERRITORY_2462;팔마 수엘라 및 인접 지역;;;;;;;;;;;;;x
TGC_TERRITORY_2507;음파른트웨 및 인접 지역;;;;;;;;;;;;;x
TGC_TERRITORY_2601;윌킨카라 및 인접 지역;;;;;;;;;;;;;x
TGC_TERRITORY_2603;차나메 및 인접 지역;;;;;;;;;;;;;x
TGC_TERRITORY_2605;응가냐차라쿠 및 인접 지역;;;;;;;;;;;;;x
TGC_TERRITORY_2503;윌루나 및 인접 지역;;;;;;;;;;;;;x
TGC_TERRITORY_2495;티라리 및 인접 지역;;;;;;;;;;;;;x
TGC_TERRITORY_2490;찰레빌 및 인접 지역;;;;;;;;;;;;;x
TGC_TERRITORY_2334;타우크세르 및 인접 지역;;;;;;;;;;;;;x
TGC_TERRITORY_2328;발디비아 및 인접 지역;;;;;;;;;;;;;x
TGC_TERRITORY_2397;에스켓 및 인접 지역;;;;;;;;;;;;;x
TGC_TERRITORY_2400;톨웬 및 인접 지역;;;;;;;;;;;;;x
TGC_TERRITORY_2515;오타우타히 및 인접 지역;;;;;;;;;;;;;x
TGC_TERRITORY_2514;호키티카 및 인접 지역;;;;;;;;;;;;;x
TGC_TERRITORY_2513;오테포티 및 인접 지역;;;;;;;;;;;;;x
TGC_TERRITORY_2511;아후리리 및 인접 지역;;;;;;;;;;;;;x
TGC_TERRITORY_1212;쿠헤밀리키산맥 및 인접 지역;;;;;;;;;;;;;x
TGC_TERRITORY_2554;칸델라리아 및 인접 지역;;;;;;;;;;;;;x
TGC_TERRITORY_3353;로스톨도스 및 인접 지역;;;;;;;;;;;;;x
TGC_TERRITORY_2370;수욱이 및 인접 지역;;;;;;;;;;;;;x
TGC_TERRITORY_594;시그마링겐 및 인접 지역;;;;;;;;;;;;;x
TGC_TERRITORY_624;아이젠슈타트 및 인접 지역;;;;;;;;;;;;;x
TGC_TERRITORY_950;추스트 및 인접 지역;;;;;;;;;;;;;x
TGC_TERRITORY_614;브레겐츠 및 인접 지역;;;;;;;;;;;;;x
TGC_TERRITORY_721;아오스타 및 인접 지역;;;;;;;;;;;;;x
TGC_TERRITORY_734;트리엔트 및 인접 지역;;;;;;;;;;;;;x
TGC_TERRITORY_2461;노사 센호라 도 데스테로 및 인접 지역;;;;;;;;;;;;;x
TGC_TERRITORY_3298;큐리바 및 인접 지역;;;;;;;;;;;;;x
TGC_TERRITORY_2407;주루아강 및 인접 지역;;;;;;;;;;;;;x
TGC_TERRITORY_3296;리오 퓨루스 및 인접 지역;;;;;;;;;;;;;x
TGC_TERRITORY_2111;더반 및 인접 지역;;;;;;;;;;;;;x
TGC_TERRITORY_2112;엠남비티 및 인접 지역;;;;;;;;;;;;;x
TGC_TERRITORY_2102;콰콰 및 인접 지역;;;;;;;;;;;;;x
TGC_TERRITORY_2105;가란쿠와 및 인접 지역;;;;;;;;;;;;;x
TGC_TERRITORY_2106;사안 및 인접 지역;;;;;;;;;;;;;x
TGC_TERRITORY_2107;막와시 및 인접 지역;;;;;;;;;;;;;x
TGC_TERRITORY_2109;가리바 및 인접 지역;;;;;;;;;;;;;x
TGC_TERRITORY_348;올란드 및 인접 지역;;;;;;;;;;;;;x
TGC_TERRITORY_2223;세인트 토마스 및 인접 지역;;;;;;;;;;;;;x
TGC_TERRITORY_1754;시와 및 인접 지역;;;;;;;;;;;;;x
TGC_TERRITORY_1759;자그부브 및 인접 지역;;;;;;;;;;;;;x
TGC_TERRITORY_1748;만수라 및 인접 지역;;;;;;;;;;;;;x
TGC_TERRITORY_1749;지카지크 및 인접 지역;;;;;;;;;;;;;x
TGC_TERRITORY_1843;와우 및 인접 지역;;;;;;;;;;;;;x
TGC_TERRITORY_412;메츠 및 인접 지역;;;;;;;;;;;;;x
TGC_TERRITORY_846;멘테셰 제도 및 인접 지역;;;;;;;;;;;;;x
TGC_TERRITORY_735;보첸 및 인접 지역;;;;;;;;;;;;;x
TGC_TERRITORY_398;바스토뉴 및 인접 지역;;;;;;;;;;;;;x
TGC_TERRITORY_3318;아를롱 및 인접 지역;;;;;;;;;;;;;x
TGC_TERRITORY_388;브뤼허 및 인접 지역;;;;;;;;;;;;;x
TGC_TERRITORY_1204;카라쿰 사막 및 인접 지역;;;;;;;;;;;;;x
TGC_TERRITORY_2318;치키토스 및 인접 지역;;;;;;;;;;;;;x
TGC_TERRITORY_2416;리오 아파 및 인접 지역;;;;;;;;;;;;;x
TGC_TERRITORY_2458;시다드두과이라 및 인접 지역;;;;;;;;;;;;;x
TGC_TERRITORY_2361;산타페 및 인접 지역;;;;;;;;;;;;;x
TGC_TERRITORY_2362;타쿠아렌디 및 인접 지역;;;;;;;;;;;;;x
TGC_TERRITORY_2372;팸티 및 인접 지역;;;;;;;;;;;;;x
TGC_TERRITORY_2377;아냐투야 및 인접 지역;;;;;;;;;;;;;x
TGC_TERRITORY_3366;포트로스 및 인접 지역;;;;;;;;;;;;;x
TGC_TERRITORY_1208;알리추르 및 인접 지역;;;;;;;;;;;;;x
TGC_TERRITORY_1103;구바 및 인접 지역;;;;;;;;;;;;;x
TGC_TERRITORY_676;키시뇨프 및 인접 지역;;;;;;;;;;;;;x
TGC_TERRITORY_677;벨고로드드네스트롭스키 및 인접 지역;;;;;;;;;;;;;x
TGC_TERRITORY_3432;파자치크 및 인접 지역;;;;;;;;;;;;;x
TGC_TERRITORY_2070;움탈리 및 인접 지역;;;;;;;;;;;;;x
TGC_TERRITORY_2635;카리바 및 인접 지역;;;;;;;;;;;;;x
TGC_TERRITORY_2068;하라레 및 인접 지역;;;;;;;;;;;;;x
TGC_TERRITORY_2110;차넹 및 인접 지역;;;;;;;;;;;;;x
TGC_TERRITORY_1738;알쿠프라 및 인접 지역;;;;;;;;;;;;;x
TGC_TERRITORY_1874;다반산맥 및 인접 지역;;;;;;;;;;;;;x
TGC_TERRITORY_102;투손 및 인접 지역;;;;;;;;;;;;;x
TGC_TERRITORY_2662;치리카와 및 인접 지역;;;;;;;;;;;;;x
TGC_TERRITORY_250;마다와스카 및 인접 지역;;;;;;;;;;;;;x
TGC_TERRITORY_158;그랜드포티지 및 인접 지역;;;;;;;;;;;;;x
TGC_TERRITORY_49;포트 윌리엄 및 인접 지역;;;;;;;;;;;;;x
TGC_TERRITORY_239;인디언스트림 및 인접 지역;;;;;;;;;;;;;x
TGC_TERRITORY_249;뱅고어 및 인접 지역;;;;;;;;;;;;;x
TGC_TERRITORY_3280;리틀폴스요새 및 인접 지역;;;;;;;;;;;;;x
TGC_TERRITORY_69;프레데릭톤 및 인접 지역;;;;;;;;;;;;;x
TGC_TERRITORY_61;포트 인갈 및 인접 지역;;;;;;;;;;;;;x
TGC_TERRITORY_66;셰르브룩 및 인접 지역;;;;;;;;;;;;;x
TGC_TERRITORY_67;리무스키 및 인접 지역;;;;;;;;;;;;;x
TGC_TERRITORY_2243;포트젤란디아 및 인접 지역;;;;;;;;;;;;;x
TGC_TERRITORY_2369;후후이 및 인접 지역;;;;;;;;;;;;;x
TGC_TERRITORY_2131;포클랜드 제도 및 인접 지역;;;;;;;;;;;;;x
TGC_TERRITORY_2133;사우스조지아 및 인접 지역;;;;;;;;;;;;;x
TGC_TERRITORY_3295;상파울루지올리벤사 및 인접 지역;;;;;;;;;;;;;x
TGC_TERRITORY_2263;상파울루 도스 캄베바스 및 인접 지역;;;;;;;;;;;;;x
TGC_TERRITORY_2401;상가브리에우다카쇼에이라 및 인접 지역;;;;;;;;;;;;;x
TGC_TERRITORY_1205;베크다시 및 인접 지역;;;;;;;;;;;;;x
TGC_TERRITORY_1214;파라 및 인접 지역;;;;;;;;;;;;;x
TGC_TERRITORY_1093;아할칼라키 및 인접 지역;;;;;;;;;;;;;x
TGC_TERRITORY_1091;츠힌발 및 인접 지역;;;;;;;;;;;;;x
TGC_TERRITORY_1090;티플리스 및 인접 지역;;;;;;;;;;;;;x
TGC_TERRITORY_1053;구니브 및 인접 지역;;;;;;;;;;;;;x
TGC_TERRITORY_1052;데르벤트 및 인접 지역;;;;;;;;;;;;;x
TGC_TERRITORY_1081;야케사 및 인접 지역;;;;;;;;;;;;;x
TGC_TERRITORY_1082;하이선와이 및 인접 지역;;;;;;;;;;;;;x
TGC_TERRITORY_1083;보리 및 인접 지역;;;;;;;;;;;;;x
TGC_TERRITORY_1084;웃찬 및 인접 지역;;;;;;;;;;;;;x
TGC_TERRITORY_1085;하이란파오 및 인접 지역;;;;;;;;;;;;;x
TGC_TERRITORY_2617;사할리얀울라 및 인접 지역;;;;;;;;;;;;;x
TGC_TERRITORY_2697;징키리 및 인접 지역;;;;;;;;;;;;;x
TGC_TERRITORY_1186;알마아타 및 인접 지역;;;;;;;;;;;;;x
TGC_TERRITORY_1188;카라탈 및 인접 지역;;;;;;;;;;;;;x
TGC_TERRITORY_1190;나린 및 인접 지역;;;;;;;;;;;;;x
TGC_TERRITORY_1088;슘슈 및 인접 지역;;;;;;;;;;;;;x
TGC_TERRITORY_2104;타바 보시우 및 인접 지역;;;;;;;;;;;;;x
TGC_TERRITORY_2114;음바바네 및 인접 지역;;;;;;;;;;;;;x
TGC_TERRITORY_3400;아브라 팜파 및 인접 지역;;;;;;;;;;;;;x
TGC_TERRITORY_2371;퀴스카 및 인접 지역;;;;;;;;;;;;;x
TGC_TERRITORY_779;에세크 및 인접 지역;;;;;;;;;;;;;x
TGC_TERRITORY_777;포셰그 및 인접 지역;;;;;;;;;;;;;x
TGC_TERRITORY_2341;이타푸아 및 인접 지역;;;;;;;;;;;;;x
TGC_TERRITORY_2569;니시치 및 인접 지역;;;;;;;;;;;;;x
TGC_TERRITORY_3358;플루진 및 인접 지역;;;;;;;;;;;;;x
TGC_TERRITORY_832;쿨루즈 및 인접 지역;;;;;;;;;;;;;x
TGC_TERRITORY_847;하니아 및 인접 지역;;;;;;;;;;;;;x
TGC_TERRITORY_1485;타이난 및 인접 지역;;;;;;;;;;;;;x
TGC_TERRITORY_2562;타이둥 및 인접 지역;;;;;;;;;;;;;x
TGC_TERRITORY_2406;페스카도레스 제도 및 인접 지역;;;;;;;;;;;;;x
TGC_TERRITORY_2681;타이베이 및 인접 지역;;;;;;;;;;;;;x
TGC_TERRITORY_675;술리나 및 인접 지역;;;;;;;;;;;;;x
TGC_TERRITORY_674;쾨스텐제 및 인접 지역;;;;;;;;;;;;;x
TGC_TERRITORY_409;스트라스부르 및 인접 지역;;;;;;;;;;;;;x
TGC_TERRITORY_473;코르테 및 인접 지역;;;;;;;;;;;;;x
TGC_TERRITORY_724;제노바 및 인접 지역;;;;;;;;;;;;;x
TGC_TERRITORY_686;메르브 및 인접 지역;;;;;;;;;;;;;x
TGC_TERRITORY_1116;고르간 및 인접 지역;;;;;;;;;;;;;x
TGC_TERRITORY_1150;보즈누르드 및 인접 지역;;;;;;;;;;;;;x
TGC_TERRITORY_1147;마슈하드 및 인접 지역;;;;;;;;;;;;;x
TGC_TERRITORY_1108;타브리즈 및 인접 지역;;;;;;;;;;;;;x
TGC_TERRITORY_1109;호이 및 인접 지역;;;;;;;;;;;;;x
TGC_TERRITORY_1110;우르미예 및 인접 지역;;;;;;;;;;;;;x
TGC_TERRITORY_1111;사블락스 및 인접 지역;;;;;;;;;;;;;x
TGC_TERRITORY_1117;사인 및 인접 지역;;;;;;;;;;;;;x
TGC_TERRITORY_1118;사케즈 및 인접 지역;;;;;;;;;;;;;x
TGC_TERRITORY_1119;케르만샤 및 인접 지역;;;;;;;;;;;;;x
TGC_TERRITORY_1120;호라마바드 및 인접 지역;;;;;;;;;;;;;x
TGC_TERRITORY_1133;데즈풀 및 인접 지역;;;;;;;;;;;;;x
TGC_TERRITORY_2366;타타르 및 인접 지역;;;;;;;;;;;;;x
TGC_TERRITORY_2367;위춘효트우에트 및 인접 지역;;;;;;;;;;;;;x
TGC_TERRITORY_2420;푼타푸라 및 인접 지역;;;;;;;;;;;;;x
TGC_TERRITORY_895;이첼 및 인접 지역;;;;;;;;;;;;;x
TGC_TERRITORY_1834;할라이브 및 인접 지역;;;;;;;;;;;;;x
TGC_TERRITORY_1165;도하 및 인접 지역;;;;;;;;;;;;;x
TGC_TERRITORY_2;성 디오니시우스 보루 및 인접 지역;;;;;;;;;;;;;x
TGC_TERRITORY_114;플랫헤드 하우스 및 인접 지역;;;;;;;;;;;;;x
TGC_TERRITORY_113;동부 배넉 및 인접 지역;;;;;;;;;;;;;x
TGC_TERRITORY_111;포트 본네빌 및 인접 지역;;;;;;;;;;;;;x
TGC_TERRITORY_17;테슬린 포스트 및 인접 지역;;;;;;;;;;;;;x
TGC_TERRITORY_18;세인트 존 포트 및 인접 지역;;;;;;;;;;;;;x
TGC_TERRITORY_78;포트 니스퀄리 및 인접 지역;;;;;;;;;;;;;x
TGC_TERRITORY_79;포트 밴쿠버 및 인접 지역;;;;;;;;;;;;;x
TGC_TERRITORY_80;포트 네즈퍼스 및 인접 지역;;;;;;;;;;;;;x
TGC_TERRITORY_138;라레도 및 인접 지역;;;;;;;;;;;;;x
TGC_TERRITORY_232;뉴욕 및 인접 지역;;;;;;;;;;;;;x
TGC_TERRITORY_233;롱아일랜드 및 인접 지역;;;;;;;;;;;;;x
TGC_TERRITORY_100;길라노 및 인접 지역;;;;;;;;;;;;;x
TGC_TERRITORY_101;그란카뇬 및 인접 지역;;;;;;;;;;;;;x
TGC_TERRITORY_3367;하바수파이 및 인접 지역;;;;;;;;;;;;;x
TGC_TERRITORY_110;쇼쇼네스 리오 비엔토 및 인접 지역;;;;;;;;;;;;;x
TGC_TERRITORY_108;유타 오리엔탈레스 및 인접 지역;;;;;;;;;;;;;x
TGC_TERRITORY_109;주니 및 인접 지역;;;;;;;;;;;;;x
