PROV3531;알토나;Altona;;;;;;;;;;;;x
PROV3532;에르보가첸;Erbogacen;;;;;;;;;;;;x
PROV3533;포트 버밀리언;Fort Vermilion;;;;;;;;;;;;x
PROV3534;애서배스카 랜딩;Athabaska Landing;;;;;;;;;;;;x
PROV3535;로스 리버;Ross River;;;;;;;;;;;;x
PROV3536;우날라클리트;Unalakleet;;;;;;;;;;;;x
PROV3537;시도로프스크;Sidorovsk;;;;;;;;;;;;x
PROV3538;말리카이;Malykaj;;;;;;;;;;;;x
PROV3539;퉁긴스코예;Tunginskoye;;;;;;;;;;;;x
PROV3540;콜리마;Kolyma;;;;;;;;;;;;x
PROV3541;슈추치야강 유역;Nadym;;;;;;;;;;;;x
PROV3542;악토가이;Aktogay;;;;;;;;;;;;x
PROV3543;톰모트;Tommot;;;;;;;;;;;;x
PROV3544;노비 우렌고이;Novyj Urengoj;;;;;;;;;;;;x
PROV3545;아르툐몹스키;Artemovskij;;;;;;;;;;;;x
PROV3546;이심;Isim;;;;;;;;;;;;x
PROV3547;바슈간;Vasjugan;;;;;;;;;;;;x
PROV3548;수고이;Sugoj;;;;;;;;;;;;x
PROV3549;춘스코예;Chunskoye;;;;;;;;;;;;x
PROV3550;니즈네바르톱스크;Niznevartovsk;;;;;;;;;;;;x
PROV3551;가리(소스바);Njagan;;;;;;;;;;;;x
PROV3552;네파;Nepa;;;;;;;;;;;;x
PROV3553;보이보즈;Vojvoz;;;;;;;;;;;;x
PROV3554;고르노프라우딘스크;Gornopravdinsk;;;;;;;;;;;;x
