PROV7471;빙겐;;;;;;;;;;;;;x
PROV7472;에렌브라이트슈타인;;;;;;;;;;;;;x
PROV7474;뇌프브리자크;;;;;;;;;;;;;x
PROV7475;보름스;;;;;;;;;;;;;x
PROV7476;본;;;;;;;;;;;;;x
PROV7477;오버카셀;;;;;;;;;;;;;x
PROV7478;칼라보;;;;;;;;;;;;;x
PROV7479;로마미;;;;;;;;;;;;;x
PROV7480;리붕구;;;;;;;;;;;;;x
PROV7473;플라이강;;;;;;;;;;;;;x
TGC_LONDON_LIMBURG;동림뷔르흐 주;;;;;;;;;;;;;x
TGC_BEL_LIMBURG_WEST;서림뷔르흐 주;;;;;;;;;;;;;x
TGC_PRU_AACHEN;아헨 주;;;;;;;;;;;;;x
TGC_LIT_KRETINGA;크레팅가 주;;;;;;;;;;;;;x
TGC_CPL_PLOCK;프워츠크 주;;;;;;;;;;;;;x
TGC_PRU_PLOCK;서프워츠크 주;;;;;;;;;;;;;x
